arm,fault,severity,cost,energy,demand,clipped,clip_dis,clip_chg,clip_floor,clip_ceil,clip_full,sat,act_dev
S0,F1,1,87452.1197342104,87452.1197342104,0.0,0.4628720238095238,0.4628720238095238,0.0,0.4628720238095238,0.0,0.0,0.0002232142857142857,0.008692170613046203
S0,F1,2,90575.08050285478,90575.08050285478,0.0,0.3958333333333333,0.3958333333333333,0.0,0.3958333333333333,0.0,0.0,0.0017857142857142857,0.2013814469178518
S0,F1,3,94125.61004372162,94125.61004372162,0.0,0.31949404761904765,0.31949404761904765,0.0,0.31949404761904765,0.0,0.026339285714285714,0.07738095238095238,0.5057150111001517
S0,F2,1,87403.63066352143,87403.63066352143,0.0,0.4643601190476191,0.4643601190476191,0.0,0.4643601190476191,0.0,0.0,0.0002232142857142857,0.0
S0,F2,2,87403.63066352143,87403.63066352143,0.0,0.4643601190476191,0.4643601190476191,0.0,0.4643601190476191,0.0,0.0,0.0002232142857142857,0.0
S0,F2,3,88083.15941514523,88083.15941514523,0.0,0.44590773809523804,0.44590773809523804,0.0,0.44590773809523804,0.0,0.0,0.001413690476190476,0.07574278631558021
S0,F3,1,87403.63066352143,87403.63066352143,0.0,0.4643601190476191,0.4643601190476191,0.0,0.4643601190476191,0.0,0.0,0.0002232142857142857,0.0
S0,F3,2,87432.84149346378,87432.84149346378,0.0,0.4577380952380953,0.4577380952380953,0.0,0.4577380952380953,0.0,0.0,0.0009672619047619048,0.0030798885793912978
S0,F3,3,87427.71885341083,87427.71885341083,0.0,0.45840773809523816,0.45840773809523816,0.0,0.45840773809523816,0.0,7.44047619047619e-05,0.001488095238095238,0.003471932914995012
S0,F4,1,87403.35127160288,87403.35127160288,0.0,0.4645833333333333,0.4645833333333333,0.0,0.4645833333333333,0.0,0.0,0.0002232142857142857,0.000814061997724431
S0,F4,2,87402.14886423957,87402.14886423957,0.0,0.4648065476190476,0.4648065476190476,0.0,0.4648065476190476,0.0,0.0,0.0002232142857142857,0.0029566259212082343
S0,F4,3,87393.05803004376,87393.05803004376,0.0,0.4642113095238095,0.4642113095238095,0.0,0.4642113095238095,0.0,0.0,0.0002232142857142857,0.006380875572739612
S0,F5,1,87405.90712535114,87405.90712535114,0.0,0.4643601190476191,0.4643601190476191,0.0,0.4643601190476191,0.0,0.0,0.0002232142857142857,0.0032729698566808588
S0,F5,2,87408.47047112256,87408.47047112256,0.0,0.46205357142857145,0.46205357142857145,0.0,0.46205357142857145,0.0,0.0,0.0002232142857142857,0.008862235645453135
S0,F5,3,87414.78021786518,87414.78021786518,0.0,0.46183035714285714,0.46183035714285714,0.0,0.46183035714285714,0.0,0.0,0.0002232142857142857,0.01588793344174822
S0,F6a,1,88696.28627257669,88696.28627257669,0.0,0.4663690476190476,0.4663690476190476,0.0,0.4663690476190476,0.0,0.0,7.44047619047619e-05,0.12773849533516027
S0,F6a,2,92260.81223438603,92260.81223438603,0.0,0.46049107142857143,0.46049107142857143,0.0,0.46049107142857143,0.0,0.0,0.0004464285714285714,0.2466580949679372
S0,F6a,3,97808.64459507694,97808.64459507694,0.0,0.4694196428571429,0.4694196428571429,0.0,0.4694196428571429,0.0,0.0,0.000744047619047619,0.3839090807230345
S0,F6b,1,87714.49302953745,87714.49302953745,0.0,0.4741071428571429,0.4741071428571429,0.0,0.4741071428571429,0.0,0.0,0.0001488095238095238,0.03548551810727942
S0,F6b,2,88007.40925351504,88007.40925351504,0.0,0.47819940476190476,0.47819940476190476,0.0,0.47819940476190476,0.0,0.0,0.0002232142857142857,0.0964877176187223
S0,F6b,3,90394.57942716542,90394.57942716542,0.0,0.5060267857142857,0.5060267857142857,0.0,0.5060267857142857,0.0,0.0,0.0001488095238095238,0.21287368463707113
S0,none,0,87403.63066352143,87403.63066352143,0.0,0.4643601190476191,0.4643601190476191,0.0,0.4643601190476191,0.0,0.0,0.0002232142857142857,0.0
S1,F1,1,92373.9469860045,92373.9469860045,0.0,0.513467261904762,0.513467261904762,0.0,0.513467261904762,0.0,0.0,0.0055059523809523805,0.013339287672369254
S1,F1,2,93010.15957529483,93010.15957529483,0.0,0.48816964285714287,0.48816964285714287,0.0,0.48816964285714287,0.0,0.0,0.011458333333333334,0.1847539588409875
S1,F1,3,94247.2340978375,94247.2340978375,0.0,0.46324404761904764,0.46324404761904764,0.0,0.46324404761904764,0.0,0.0005208333333333333,0.025520833333333333,0.4321248405923447
S1,F2,1,92364.96646581002,92364.96646581002,0.0,0.5144345238095238,0.5144345238095238,0.0,0.5144345238095238,0.0,0.0,0.004464285714285714,0.0
S1,F2,2,92364.96646581002,92364.96646581002,0.0,0.5144345238095238,0.5144345238095238,0.0,0.5144345238095238,0.0,0.0,0.004464285714285714,0.0
S1,F2,3,92373.38835508237,92373.38835508237,0.0,0.5066964285714286,0.5066964285714286,0.0,0.5066964285714286,0.0,0.0,0.005729166666666666,0.04076847767102577
S1,F3,1,92364.96646581002,92364.96646581002,0.0,0.5144345238095238,0.5144345238095238,0.0,0.5144345238095238,0.0,0.0,0.004464285714285714,0.0
S1,F3,2,92378.30605957427,92378.30605957427,0.0,0.5130208333333334,0.5130208333333334,0.0,0.5130208333333334,0.0,0.0001488095238095238,0.004910714285714286,0.0016226466612092086
S1,F3,3,92394.12922758375,92394.12922758375,0.0,0.5129464285714286,0.5129464285714286,0.0,0.5129464285714286,0.0,0.0001488095238095238,0.005431547619047619,0.0026161489032563707
S1,F4,1,92367.64482032313,92367.64482032313,0.0,0.5142857142857143,0.5142857142857143,0.0,0.5142857142857143,0.0,0.0,0.004538690476190476,0.000924523418680543
S1,F4,2,92366.79824743219,92366.79824743219,0.0,0.5132440476190476,0.5132440476190476,0.0,0.5132440476190476,0.0,0.0,0.004538690476190476,0.0034925187183987524
S1,F4,3,92369.11515579678,92369.11515579678,0.0,0.5124255952380953,0.5124255952380953,0.0,0.5124255952380953,0.0,0.0,0.004613095238095238,0.0068971088377847555
S1,F5,1,92367.91383813476,92367.91383813476,0.0,0.5138392857142857,0.5138392857142857,0.0,0.5138392857142857,0.0,0.0,0.004538690476190476,0.0015492238725225132
S1,F5,2,92374.9279698919,92374.9279698919,0.0,0.5142857142857143,0.5142857142857143,0.0,0.5142857142857143,0.0,0.0,0.004613095238095237,0.0038793716313583514
S1,F5,3,92382.92232026007,92382.92232026007,0.0,0.5149553571428571,0.5149553571428571,0.0,0.5149553571428571,0.0,0.0,0.0046875,0.007320107187011413
S1,F6a,1,92966.62810608064,92966.62810608064,0.0,0.5122023809523809,0.5122023809523809,0.0,0.5122023809523809,0.0,0.0,0.005208333333333333,0.10801308566615694
S1,F6a,2,94273.03999410992,94273.03999410992,0.0,0.5066964285714286,0.5066964285714286,0.0,0.5066964285714286,0.0,0.0,0.004613095238095237,0.22270739794753136
S1,F6a,3,96777.3021252381,96777.3021252381,0.0,0.5113095238095238,0.5113095238095238,0.0,0.5113095238095238,0.0,0.0,0.005133928571428571,0.3839488378858992
S1,F6b,1,92551.35367850313,92551.35367850313,0.0,0.5180803571428572,0.5180803571428572,0.0,0.5180803571428572,0.0,0.0,0.004315476190476191,0.04397549633202809
S1,F6b,2,92612.18890193058,92612.18890193058,0.0,0.5072172619047619,0.5072172619047619,0.0,0.5072172619047619,0.0,0.0,0.004464285714285714,0.12300532896603858
S1,F6b,3,93623.42720542577,93623.42720542577,0.0,0.4665922619047619,0.4665922619047619,0.0,0.4665922619047619,0.0,0.0,0.006398809523809524,0.27063735446316145
S1,none,0,92364.96646581002,92364.96646581002,0.0,0.5144345238095238,0.5144345238095238,0.0,0.5144345238095238,0.0,0.0,0.004464285714285714,0.0
S2,F1,1,87350.7278539806,87350.7278539806,0.0,0.4447916666666667,0.4447916666666667,0.0,0.4447916666666667,0.0,0.0003720238095238095,0.0026041666666666665,0.008918729579697053
S2,F1,2,88688.65867064692,88688.65867064692,0.0,0.46063988095238095,0.46063988095238095,0.0,0.46063988095238095,0.0,0.0003720238095238095,0.002529761904761905,0.13516397395925153
S2,F1,3,89739.79053113096,89739.79053113096,0.0,0.4186011904761905,0.4186011904761905,0.0,0.4186011904761905,0.0,0.0,0.0008928571428571428,0.27771561848265786
S2,F2,1,87411.78502119683,87411.78502119683,0.0,0.4576636904761905,0.4576636904761905,0.0,0.4576636904761905,0.0,0.0003720238095238095,0.0026041666666666665,0.0
S2,F2,2,87411.78502119683,87411.78502119683,0.0,0.4576636904761905,0.4576636904761905,0.0,0.4576636904761905,0.0,0.0003720238095238095,0.0026041666666666665,0.0
S2,F2,3,87841.55703348518,87841.55703348518,0.0,0.4641369047619047,0.4641369047619047,0.0,0.4641369047619047,0.0,0.0002976190476190476,0.0020089285714285712,0.07346681215844694
S2,F3,1,87411.78502119683,87411.78502119683,0.0,0.4576636904761905,0.4576636904761905,0.0,0.4576636904761905,0.0,0.0003720238095238095,0.0026041666666666665,0.0
S2,F3,2,87411.78502119683,87411.78502119683,0.0,0.4576636904761905,0.4576636904761905,0.0,0.4576636904761905,0.0,0.0003720238095238095,0.0026041666666666665,0.00011313909753447487
S2,F3,3,87410.46944915339,87410.46944915339,0.0,0.45736607142857144,0.45736607142857144,0.0,0.45736607142857144,0.0,0.0003720238095238095,0.0026041666666666665,0.0005359055607446603
S2,F4,1,87413.80558251406,87413.80558251406,0.0,0.4576636904761905,0.4576636904761905,0.0,0.4576636904761905,0.0,0.0003720238095238095,0.0026041666666666665,0.0008876084261352108
S2,F4,2,87423.80597581917,87423.80597581917,0.0,0.45892857142857146,0.45892857142857146,0.0,0.45892857142857146,0.0,0.0003720238095238095,0.0026041666666666665,0.0037856901685396826
S2,F4,3,87409.89434257471,87409.89434257471,0.0,0.45944940476190477,0.45944940476190477,0.0,0.45944940476190477,0.0,0.0003720238095238095,0.0026041666666666665,0.012058403369571482
S2,F5,1,87411.63704176244,87411.63704176244,0.0,0.45721726190476186,0.45721726190476186,0.0,0.45721726190476186,0.0,0.0003720238095238095,0.0026041666666666665,0.0025123003338064468
S2,F5,2,87410.51313880968,87410.51313880968,0.0,0.45647321428571425,0.45647321428571425,0.0,0.45647321428571425,0.0,0.0003720238095238095,0.0027529761904761902,0.0064640763437464124
S2,F5,3,87407.23341892166,87407.23341892166,0.0,0.45565476190476195,0.45565476190476195,0.0,0.45565476190476195,0.0,0.0003720238095238095,0.002901785714285714,0.013021984789520501
S2,F6a,1,88667.94343483499,88667.94343483499,0.0,0.4577380952380953,0.4577380952380953,0.0,0.4577380952380953,0.0,0.0003720238095238095,0.0027529761904761902,0.1135051105304488
S2,F6a,2,92427.39272891845,92427.39272891845,0.0,0.4596726190476191,0.4596726190476191,0.0,0.4596726190476191,0.0,0.0004464285714285714,0.002529761904761905,0.2393002506389859
S2,F6a,3,97643.0764856732,97643.0764856732,0.0,0.46845238095238095,0.46845238095238095,0.0,0.46845238095238095,0.0,7.44047619047619e-05,0.0010416666666666667,0.37390459744880594
S2,F6b,1,87688.75067327652,87688.75067327652,0.0,0.4653273809523809,0.4653273809523809,0.0,0.4653273809523809,0.0,0.0003720238095238095,0.002529761904761905,0.030907514522827806
S2,F6b,2,88081.67373484107,88081.67373484107,0.0,0.47053571428571433,0.47053571428571433,0.0,0.47053571428571433,0.0,0.0003720238095238095,0.002232142857142857,0.08358611350524284
S2,F6b,3,90204.98256249382,90204.98256249382,0.0,0.4970238095238096,0.4970238095238096,0.0,0.4970238095238096,0.0,0.0,0.0012648809523809524,0.19831459377227084
S2,none,0,87411.78502119683,87411.78502119683,0.0,0.4576636904761905,0.4576636904761905,0.0,0.4576636904761905,0.0,0.0003720238095238095,0.0026041666666666665,0.0
S3,F1,1,87500.7546876333,87500.7546876333,0.0,0.47038690476190476,0.47038690476190476,0.0,0.47038690476190476,0.0,0.0002232142857142857,0.0012648809523809524,0.009234753166813225
S3,F1,2,88950.44620571642,88950.44620571642,0.0,0.5040922619047619,0.5040922619047619,0.0,0.5040922619047619,0.0,0.0002232142857142857,0.003125,0.13641186695368518
S3,F1,3,90330.56616765921,90330.56616765921,0.0,0.4618303571428572,0.4618303571428572,0.0,0.4618303571428572,0.0,0.0,0.0013392857142857143,0.28901338740473703
S3,F2,1,87424.42369014291,87424.42369014291,0.0,0.4753720238095238,0.4753720238095238,0.0,0.4753720238095238,0.0,0.0002232142857142857,0.0012648809523809524,0.0
S3,F2,2,87424.42369014291,87424.42369014291,0.0,0.4753720238095238,0.4753720238095238,0.0,0.4753720238095238,0.0,0.0002232142857142857,0.0012648809523809524,0.0
S3,F2,3,87800.77451637796,87800.77451637796,0.0,0.4816220238095238,0.4816220238095238,0.0,0.4816220238095238,0.0,0.0002232142857142857,0.0014136904761904762,0.06310114671165745
S3,F3,1,87424.42369014291,87424.42369014291,0.0,0.4753720238095238,0.4753720238095238,0.0,0.4753720238095238,0.0,0.0002232142857142857,0.0012648809523809524,0.0
S3,F3,2,87424.4236898117,87424.4236898117,0.0,0.4753720238095238,0.4753720238095238,0.0,0.4753720238095238,0.0,0.0002232142857142857,0.0012648809523809524,7.844693692667145e-05
S3,F3,3,87424.94013392627,87424.94013392627,0.0,0.47544642857142855,0.47544642857142855,0.0,0.47544642857142855,0.0,0.0002232142857142857,0.0012648809523809524,0.00042138635846120966
S3,F4,1,87437.03678287049,87437.03678287049,0.0,0.4738839285714286,0.4738839285714286,0.0,0.4738839285714286,0.0,0.0002232142857142857,0.0012648809523809524,0.006333263817110232
S3,F4,2,87487.74157576833,87487.74157576833,0.0,0.47507440476190477,0.47507440476190477,0.0,0.47507440476190477,0.0,0.0002232142857142857,0.0012648809523809524,0.02519266304693052
S3,F4,3,87500.4627284074,87500.4627284074,0.0,0.478125,0.478125,0.0,0.478125,0.0,0.0002232142857142857,0.0012648809523809524,0.03928663307978284
S3,F5,1,87427.04412537234,87427.04412537234,0.0,0.47507440476190477,0.47507440476190477,0.0,0.47507440476190477,0.0,0.0002976190476190476,0.0012648809523809524,0.00260386262532501
S3,F5,2,87433.9662937636,87433.9662937636,0.0,0.4755952380952381,0.4755952380952381,0.0,0.4755952380952381,0.0,0.0002976190476190476,0.0012648809523809524,0.006337647033589228
S3,F5,3,87447.96016044018,87447.96016044018,0.0,0.47626488095238095,0.47626488095238095,0.0,0.47626488095238095,0.0,0.0002976190476190476,0.0013392857142857143,0.012297528312497195
S3,F6a,1,88748.8880019862,88748.8880019862,0.0,0.4775297619047619,0.4775297619047619,0.0,0.4775297619047619,0.0,0.0002976190476190476,0.001488095238095238,0.11330466525895255
S3,F6a,2,92480.58150701698,92480.58150701698,0.0,0.4767857142857143,0.4767857142857143,0.0,0.4767857142857143,0.0,0.0001488095238095238,0.002232142857142857,0.24238476121265973
S3,F6a,3,97728.36475080182,97728.36475080182,0.0,0.4980654761904762,0.4980654761904762,0.0,0.4980654761904762,0.0,7.44047619047619e-05,0.002232142857142857,0.3854684992604667
S3,F6b,1,87736.49826201408,87736.49826201408,0.0,0.4831845238095238,0.4831845238095238,0.0,0.4831845238095238,0.0,0.0002232142857142857,0.0011160714285714285,0.029398804818767877
S3,F6b,2,88136.82514756857,88136.82514756857,0.0,0.4819940476190476,0.4819940476190476,0.0,0.4819940476190476,0.0,0.0002232142857142857,0.0013392857142857143,0.08298072086292363
S3,F6b,3,90502.95386485527,90502.95386485527,0.0,0.5048363095238095,0.5048363095238095,0.0,0.5048363095238095,0.0,7.44047619047619e-05,0.0010416666666666667,0.1894166830128857
S3,none,0,87424.42369014291,87424.42369014291,0.0,0.4753720238095238,0.4753720238095238,0.0,0.4753720238095238,0.0,0.0002232142857142857,0.0012648809523809524,0.0
