episode,timestep,reward_sum,reward_mean,steps,energy_cost_zar,demand_charge_zar
1,672,-1326.7031,-1.974261,672,126453.84,0.0
2,1344,-1014.8048,-1.510126,672,95902.77,0.0
3,2016,-1256.1458,-1.869265,672,120023.88,0.0
4,2688,-1139.7741,-1.696092,672,109875.58,0.0
5,3360,-1044.6135,-1.554484,672,100257.07,0.0
6,4032,-939.4938,-1.398056,672,90142.91,0.0
7,4704,-1025.8528,-1.526567,672,98644.12,0.0
8,5376,-985.5942,-1.466658,672,82944.48,11250.0
9,6048,-1041.3806,-1.549674,672,100163.05,0.0
10,6720,-1015.4136,-1.511032,672,97071.05,0.0
11,7392,-989.0461,-1.471795,672,95407.43,0.0
12,8064,-852.3927,-1.268442,672,78068.37,0.0
13,8736,-819.5133,-1.219514,672,75479.92,0.0
14,9408,-929.7054,-1.38349,672,83986.57,0.0
15,10080,-965.0304,-1.436057,672,88276.25,0.0
16,10752,-1003.2469,-1.492927,672,94509.77,0.0
17,11424,-1296.1526,-1.928799,672,124683.82,0.0
18,12096,-823.5615,-1.225538,672,77499.95,0.0
19,12768,-1215.8145,-1.809248,672,117078.0,0.0
20,13440,-819.0015,-1.218752,672,75082.03,0.0
21,14112,-891.1636,-1.326136,672,84909.52,0.0
22,14784,-1129.0982,-1.680206,672,105445.62,0.0
23,15456,-1284.5261,-1.911497,672,124109.32,0.0
24,16128,-809.9751,-1.20532,672,74346.94,0.0
25,16800,-1270.3994,-1.890475,672,121568.64,0.0
26,17472,-799.7915,-1.190166,672,71990.14,0.0
27,18144,-811.4832,-1.207564,672,74944.11,0.0
28,18816,-846.0908,-1.259064,672,78218.86,0.0
29,19488,-773.6437,-1.151256,672,71478.89,0.0
30,20160,-1137.6272,-1.692898,672,105862.41,0.0
31,20832,-794.9488,-1.18296,672,71598.69,0.0
32,21504,-993.2886,-1.478108,672,94048.04,0.0
33,22176,-931.2709,-1.38582,672,86369.44,0.0
34,22848,-776.3249,-1.155245,672,70745.17,0.0
35,23520,-945.2479,-1.406619,672,88000.38,0.0
36,24192,-1012.5074,-1.506707,672,94438.89,0.0
37,24864,-1097.4963,-1.633179,672,104057.57,0.0
38,25536,-991.2001,-1.475,672,94658.92,0.0
39,26208,-1145.4179,-1.704491,672,108887.28,0.0
40,26880,-1123.5238,-1.67191,672,107497.98,0.0
41,27552,-816.0264,-1.214325,672,75834.69,0.0
42,28224,-828.6321,-1.233083,672,76593.65,0.0
43,28896,-815.1717,-1.213053,672,75617.43,0.0
44,29568,-776.5222,-1.155539,672,72109.35,0.0
45,30240,-1104.6366,-1.643804,672,105243.85,0.0
46,30912,-1121.0491,-1.668228,672,107136.85,0.0
47,31584,-793.1648,-1.180305,672,74163.55,0.0
48,32256,-1094.2167,-1.628299,672,104225.06,0.0
49,32928,-924.1429,-1.375213,672,85206.03,0.0
50,33600,-933.9818,-1.389854,672,86517.43,0.0
51,34272,-1106.908,-1.647184,672,106485.44,0.0
52,34944,-961.3202,-1.430536,672,92220.56,0.0
53,35616,-799.1066,-1.189147,672,72212.29,0.0
54,36288,-892.2283,-1.327721,672,72054.36,11250.0
55,36960,-1106.251,-1.646207,672,106317.42,0.0
56,37632,-805.2532,-1.198293,672,74819.1,0.0
57,38304,-969.3043,-1.442417,672,91774.56,0.0
58,38976,-1022.9756,-1.522285,672,97157.64,0.0
59,39648,-957.4884,-1.424834,672,92046.55,0.0
60,40320,-771.7518,-1.14844,672,70496.05,0.0
61,40992,-880.518,-1.310295,672,83182.14,0.0
62,41664,-1056.384,-1.572,672,100561.23,0.0
63,42336,-991.2324,-1.475048,672,92736.77,0.0
64,43008,-1072.1369,-1.595442,672,102480.66,0.0
65,43680,-1060.2281,-1.57772,672,100431.46,0.0
66,44352,-765.8653,-1.139681,672,70839.31,0.0
67,45024,-789.854,-1.175378,672,70972.2,0.0
68,45696,-897.6783,-1.335831,672,84326.72,0.0
69,46368,-805.1238,-1.198101,672,73864.64,0.0
70,47040,-1057.7354,-1.574011,672,100935.46,0.0
71,47712,-973.1811,-1.448186,672,92590.44,0.0
72,48384,-952.9761,-1.418119,672,89731.27,0.0
73,49056,-962.8981,-1.432884,672,91234.28,0.0
74,49728,-1068.5765,-1.590144,672,101817.13,0.0
75,50400,-1081.8942,-1.609962,672,103160.75,0.0
76,51072,-813.6857,-1.210842,672,75229.34,0.0
77,51744,-770.6833,-1.14685,672,72619.94,0.0
78,52416,-1106.4752,-1.64654,672,105513.22,0.0
79,53088,-810.3484,-1.205876,672,74703.67,0.0
80,53760,-1089.0441,-1.620601,672,104261.26,0.0
81,54432,-952.3253,-1.417151,672,89980.09,0.0
82,55104,-915.5421,-1.362414,672,86241.38,0.0
83,55776,-881.6039,-1.311911,672,73925.95,9660.0
84,56448,-980.0151,-1.458356,672,91895.31,0.0
85,57120,-772.85,-1.150074,672,71448.49,0.0
86,57792,-765.3132,-1.138859,672,69450.69,0.0
87,58464,-1002.3132,-1.491538,672,94487.1,0.0
88,59136,-1114.3263,-1.658224,672,106378.3,0.0
89,59808,-1091.0471,-1.623582,672,105266.81,0.0
90,60480,-764.9247,-1.138281,672,69695.54,0.0
91,61152,-1065.1795,-1.585089,672,102299.43,0.0
92,61824,-846.5172,-1.259698,672,79698.08,0.0
93,62496,-1067.5004,-1.588542,672,101512.77,0.0
94,63168,-1066.6348,-1.587254,672,101030.84,0.0
95,63840,-968.5932,-1.441359,672,91741.59,0.0
96,64512,-790.8614,-1.176877,672,72764.85,0.0
97,65184,-967.9528,-1.440406,672,90706.78,0.0
98,65856,-965.2297,-1.436354,672,91215.38,0.0
99,66528,-862.361,-1.283275,672,77088.74,0.0
100,67200,-955.8446,-1.422388,672,90835.96,0.0
101,67872,-961.1007,-1.430209,672,91288.98,0.0
102,68544,-823.571,-1.225552,672,76863.42,0.0
103,69216,-975.2398,-1.45125,672,93377.11,0.0
104,69888,-771.6472,-1.148284,672,71155.18,0.0
105,70560,-1098.7642,-1.635066,672,105292.52,0.0
106,71232,-992.7195,-1.477261,672,93824.29,0.0
107,71904,-936.8528,-1.394126,672,89308.87,0.0
108,72576,-959.7052,-1.428133,672,92143.24,0.0
109,73248,-1026.0845,-1.526911,672,97333.99,0.0
110,73920,-932.4789,-1.387617,672,88740.29,0.0
111,74592,-961.1435,-1.430273,672,91408.55,0.0
112,75264,-1030.5,-1.533482,672,97504.35,0.0
113,75936,-805.1243,-1.198102,672,75694.6,0.0
114,76608,-1080.1361,-1.607345,672,104042.52,0.0
115,77280,-817.7617,-1.216907,672,77069.02,0.0
116,77952,-913.9975,-1.360115,672,86651.63,0.0
117,78624,-954.4181,-1.420265,672,90575.22,0.0
118,79296,-1003.1514,-1.492785,672,94983.33,0.0
119,79968,-989.4678,-1.472422,672,93538.17,0.0
120,80640,-1030.9864,-1.534206,672,99144.45,0.0
121,81312,-926.6065,-1.378879,672,88275.05,0.0
122,81984,-932.913,-1.388263,672,89108.59,0.0
123,82656,-925.1179,-1.376664,672,87051.76,0.0
124,83328,-764.5749,-1.13776,672,69609.86,0.0
125,84000,-764.1274,-1.137094,672,70816.91,0.0
126,84672,-958.2281,-1.425935,672,91293.09,0.0
127,85344,-1130.3158,-1.682018,672,106820.2,0.0
128,86016,-853.1613,-1.269585,672,79676.18,0.0
129,86688,-778.9578,-1.159163,672,72865.57,0.0
130,87360,-983.8113,-1.464005,672,93476.99,0.0
131,88032,-975.208,-1.451202,672,90980.39,0.0
132,88704,-972.8929,-1.447757,672,92519.42,0.0
133,89376,-1066.5736,-1.587163,672,102140.11,0.0
134,90048,-826.6489,-1.230132,672,77142.63,0.0
135,90720,-1061.1734,-1.579127,672,101427.39,0.0
136,91392,-1100.0458,-1.636973,672,105663.23,0.0
137,92064,-1067.7774,-1.588954,672,101643.25,0.0
138,92736,-956.4555,-1.423297,672,90108.89,0.0
139,93408,-911.3239,-1.356137,672,86509.53,0.0
140,94080,-937.4107,-1.394956,672,88342.7,0.0
141,94752,-917.2941,-1.365021,672,72125.45,12870.0
142,95424,-880.315,-1.309993,672,72444.61,9540.0
143,96096,-1074.2824,-1.598635,672,103271.09,0.0
144,96768,-1099.1848,-1.635692,672,105509.67,0.0
145,97440,-766.992,-1.141357,672,70441.78,0.0
146,98112,-1049.9693,-1.562454,672,99904.66,0.0
147,98784,-1027.3227,-1.528754,672,97011.54,0.0
148,99456,-909.191,-1.352963,672,72384.4,12750.0
149,100128,-1047.1437,-1.55825,672,99456.69,0.0
150,100800,-870.4205,-1.295269,672,82141.42,0.0
151,101472,-952.4753,-1.417374,672,89984.71,0.0
152,102144,-797.8073,-1.187213,672,74011.73,0.0
153,102816,-851.523,-1.267147,672,78558.86,0.0
154,103488,-1022.7044,-1.521882,672,97079.66,0.0
155,104160,-1079.471,-1.606356,672,103578.92,0.0
156,104832,-846.0544,-1.25901,672,79592.99,0.0
157,105504,-827.0938,-1.230794,672,79291.48,0.0
158,106176,-772.156,-1.149042,672,71717.74,0.0
159,106848,-865.8214,-1.288425,672,82232.77,0.0
160,107520,-922.3431,-1.372534,672,85349.9,0.0
161,108192,-815.6305,-1.213736,672,76710.04,0.0
162,108864,-758.5752,-1.128832,672,69705.62,0.0
163,109536,-853.6461,-1.270307,672,79163.31,0.0
164,110208,-1046.5931,-1.55743,672,99699.12,0.0
165,110880,-930.6618,-1.384913,672,87163.61,0.0
166,111552,-759.1851,-1.12974,672,69243.78,0.0
167,112224,-1073.0381,-1.596783,672,103389.04,0.0
168,112896,-1022.8147,-1.522046,672,97748.8,0.0
169,113568,-1004.7285,-1.495132,672,95006.71,0.0
170,114240,-997.0622,-1.483723,672,93713.84,0.0
171,114912,-872.7195,-1.29869,672,82315.96,0.0
172,115584,-773.4928,-1.151031,672,71571.08,0.0
173,116256,-911.8908,-1.35698,672,86039.6,0.0
174,116928,-827.2134,-1.230972,672,77290.05,0.0
175,117600,-812.3575,-1.208865,672,75506.87,0.0
176,118272,-970.4319,-1.444095,672,92811.69,0.0
177,118944,-932.077,-1.387019,672,89459.09,0.0
178,119616,-804.6077,-1.197333,672,75681.71,0.0
179,120288,-1032.3855,-1.536288,672,98500.87,0.0
180,120960,-777.6615,-1.157234,672,71962.96,0.0
181,121632,-932.1195,-1.387083,672,87753.37,0.0
182,122304,-1067.3595,-1.588333,672,102236.3,0.0
183,122976,-760.4051,-1.131555,672,70827.0,0.0
184,123648,-912.941,-1.358543,672,87199.39,0.0
185,124320,-811.4557,-1.207523,672,76169.0,0.0
186,124992,-808.6673,-1.203374,672,75737.46,0.0
187,125664,-1061.5569,-1.579698,672,102330.18,0.0
188,126336,-904.1106,-1.345403,672,85166.26,0.0
189,127008,-912.6192,-1.358064,672,84758.01,0.0
190,127680,-947.6199,-1.410149,672,90024.08,0.0
191,128352,-888.0269,-1.321469,672,83860.61,0.0
192,129024,-948.4297,-1.411354,672,89991.61,0.0
193,129696,-795.4325,-1.183679,672,74191.99,0.0
194,130368,-840.8508,-1.251266,672,78196.9,0.0
195,131040,-767.8329,-1.142608,672,70715.8,0.0
196,131712,-757.717,-1.127555,672,69791.82,0.0
197,132384,-897.1369,-1.335025,672,84244.7,0.0
198,133056,-1194.3942,-1.777372,672,115137.19,0.0
199,133728,-876.4872,-1.304296,672,82900.35,0.0
200,134400,-833.2162,-1.239905,672,77208.77,0.0
201,135072,-778.4423,-1.158396,672,73188.61,0.0
202,135744,-944.35,-1.405283,672,89622.02,0.0
203,136416,-905.6659,-1.347717,672,85995.97,0.0
204,137088,-1091.1807,-1.623781,672,104666.94,0.0
205,137760,-874.438,-1.301247,672,82328.17,0.0
206,138432,-780.8354,-1.161958,672,71762.76,0.0
207,139104,-759.1828,-1.129736,672,70457.13,0.0
208,139776,-848.8085,-1.263108,672,79431.4,0.0
209,140448,-782.1012,-1.163841,672,72662.52,0.0
210,141120,-953.5766,-1.419013,672,90672.6,0.0
211,141792,-852.0309,-1.267903,672,79699.95,0.0
212,142464,-932.8673,-1.388195,672,88355.34,0.0
213,143136,-948.9242,-1.41209,672,89844.88,0.0
214,143808,-922.7715,-1.373172,672,86627.96,0.0
215,144480,-773.6237,-1.151226,672,71899.98,0.0
216,145152,-758.2237,-1.128309,672,69294.67,0.0
217,145824,-977.5089,-1.454626,672,92747.58,0.0
218,146496,-910.4302,-1.354807,672,86098.37,0.0
219,147168,-780.8474,-1.161975,672,74134.18,0.0
220,147840,-756.3305,-1.125492,672,69099.79,0.0
221,148512,-756.5519,-1.125821,672,71049.78,0.0
222,149184,-911.7075,-1.356708,672,86272.3,0.0
223,149856,-913.6876,-1.359654,672,86598.05,0.0
224,150528,-888.0816,-1.32155,672,83793.36,0.0
225,151200,-953.7093,-1.41921,672,90735.1,0.0
226,151872,-1010.0252,-1.503014,672,95880.9,0.0
227,152544,-866.3136,-1.289157,672,71524.41,9660.0
228,153216,-884.6446,-1.316435,672,82526.88,0.0
229,153888,-925.6609,-1.377472,672,88377.51,0.0
230,154560,-759.7335,-1.130556,672,70308.36,0.0
231,155232,-1059.9112,-1.577249,672,101121.48,0.0
232,155904,-925.7903,-1.377664,672,88444.43,0.0
233,156576,-920.0219,-1.36908,672,87233.06,0.0
234,157248,-878.2084,-1.306858,672,72724.74,9540.0
235,157920,-768.2772,-1.14327,672,70810.3,0.0
236,158592,-765.6019,-1.139289,672,70565.67,0.0
237,159264,-911.2255,-1.35599,672,85824.24,0.0
238,159936,-929.6066,-1.383343,672,88560.94,0.0
239,160608,-870.1043,-1.294798,672,79296.12,0.0
240,161280,-833.1654,-1.239829,672,78770.16,0.0
241,161952,-924.2852,-1.375424,672,87308.8,0.0
242,162624,-1001.4149,-1.490201,672,94784.24,0.0
243,163296,-1073.0246,-1.596763,672,102549.44,0.0
244,163968,-867.932,-1.291566,672,79969.58,0.0
245,164640,-807.2038,-1.201196,672,76314.77,0.0
246,165312,-850.7181,-1.26595,672,76479.1,0.0
247,165984,-951.6639,-1.416167,672,89919.88,0.0
248,166656,-942.0736,-1.401895,672,88803.15,0.0
249,167328,-1072.2534,-1.595615,672,102175.39,0.0
250,168000,-1063.9447,-1.583251,672,101073.6,0.0
251,168672,-974.8758,-1.450708,672,92608.57,0.0
252,169344,-885.6545,-1.317938,672,73213.98,9540.0
253,170016,-904.1934,-1.345526,672,84410.56,0.0
254,170688,-761.2608,-1.132829,672,69421.44,0.0
255,171360,-881.9852,-1.312478,672,82659.51,0.0
256,172032,-1045.9273,-1.556439,672,100366.51,0.0
257,172704,-987.5397,-1.469553,672,93631.34,0.0
258,173376,-1069.5979,-1.591664,672,101511.21,0.0
259,174048,-771.024,-1.147357,672,72589.86,0.0
260,174720,-782.2691,-1.164091,672,74128.1,0.0
261,175392,-884.9276,-1.316857,672,83802.47,0.0
262,176064,-913.9759,-1.360083,672,86778.03,0.0
263,176736,-997.8452,-1.484889,672,94490.19,0.0
264,177408,-857.9893,-1.27677,672,81638.71,0.0
265,178080,-912.0635,-1.357237,672,84984.64,0.0
266,178752,-970.0352,-1.443505,672,91035.33,0.0
267,179424,-767.5826,-1.142236,672,72656.01,0.0
268,180096,-960.3835,-1.429142,672,91084.87,0.0
269,180768,-921.1464,-1.370754,672,86562.54,0.0
270,181440,-898.6735,-1.337312,672,83866.51,0.0
271,182112,-760.0883,-1.131084,672,69615.5,0.0
272,182784,-750.001,-1.116073,672,69216.72,0.0
273,183456,-765.1693,-1.138645,672,71398.52,0.0
274,184128,-821.308,-1.222184,672,77056.86,0.0
275,184800,-873.8284,-1.30034,672,72052.97,9660.0
276,185472,-783.2806,-1.165596,672,75034.85,0.0
277,186144,-920.9512,-1.370463,672,86911.59,0.0
278,186816,-992.8929,-1.477519,672,93196.05,0.0
279,187488,-807.8583,-1.20217,672,76411.99,0.0
280,188160,-1060.6852,-1.578401,672,100945.06,0.0
281,188832,-1000.5069,-1.488849,672,95321.82,0.0
282,189504,-780.7496,-1.16183,672,73340.12,0.0
283,190176,-859.8648,-1.279561,672,81229.16,0.0
284,190848,-875.1539,-1.302312,672,72850.18,9540.0
285,191520,-792.8741,-1.179872,672,74704.53,0.0
286,192192,-1098.8682,-1.63522,672,105738.33,0.0
287,192864,-916.5784,-1.363956,672,86774.81,0.0
288,193536,-843.3162,-1.254935,672,79311.43,0.0
289,194208,-782.8384,-1.164938,672,73631.98,0.0
290,194880,-1054.4561,-1.569131,672,101935.74,0.0
291,195552,-853.7286,-1.270429,672,80022.44,0.0
292,196224,-831.1226,-1.23679,672,77832.39,0.0
293,196896,-751.7029,-1.118606,672,70409.34,0.0
294,197568,-888.9839,-1.322893,672,84656.86,0.0
295,198240,-815.743,-1.213903,672,75492.39,0.0
296,198912,-869.9435,-1.294559,672,81043.44,0.0
297,199584,-759.8035,-1.13066,672,69897.23,0.0
298,200256,-928.2046,-1.381257,672,87386.97,0.0
299,200928,-940.905,-1.400156,672,89007.46,0.0
300,201600,-786.0044,-1.169649,672,73162.51,0.0
301,202272,-1002.6304,-1.49201,672,95300.57,0.0
302,202944,-896.742,-1.334437,672,86345.03,0.0
303,203616,-975.1472,-1.451112,672,93104.07,0.0
304,204288,-1068.1416,-1.589496,672,102424.5,0.0
305,204960,-758.9274,-1.129356,672,70333.67,0.0
306,205632,-818.4311,-1.217903,672,76300.1,0.0
307,206304,-918.8803,-1.367381,672,86483.45,0.0
308,206976,-1017.2806,-1.51381,672,96979.5,0.0
309,207648,-858.4206,-1.277412,672,81070.77,0.0
310,208320,-950.9449,-1.415097,672,89537.26,0.0
311,208992,-989.4008,-1.472323,672,94587.69,0.0
312,209664,-875.1518,-1.302309,672,72246.98,9540.0
313,210336,-797.9371,-1.187406,672,74379.53,0.0
314,211008,-985.0969,-1.465918,672,94723.15,0.0
315,211680,-1082.7862,-1.611289,672,102482.48,0.0
316,212352,-989.6791,-1.472737,672,94934.62,0.0
317,213024,-984.3416,-1.464794,672,92997.49,0.0
318,213696,-1018.56,-1.515714,672,97856.13,0.0
319,214368,-910.0222,-1.3542,672,85233.81,0.0
320,215040,-762.8093,-1.135133,672,71599.55,0.0
321,215712,-917.21,-1.364896,672,87208.73,0.0
322,216384,-901.1274,-1.340963,672,85278.61,0.0
323,217056,-965.0445,-1.436078,672,90955.28,0.0
324,217728,-966.891,-1.438826,672,91569.42,0.0
325,218400,-801.849,-1.193228,672,75594.25,0.0
326,219072,-974.7898,-1.45058,672,92626.1,0.0
327,219744,-842.4582,-1.253658,672,78901.56,0.0
328,220416,-948.1397,-1.410922,672,89617.57,0.0
329,221088,-928.8364,-1.382197,672,88081.81,0.0
330,221760,-1035.0916,-1.540315,672,98416.32,0.0
331,222432,-1089.3674,-1.621082,672,104259.21,0.0
332,223104,-944.7719,-1.405911,672,89628.51,0.0
333,223776,-908.8353,-1.352434,672,86230.14,0.0
334,224448,-851.7794,-1.267529,672,80622.27,0.0
335,225120,-946.0364,-1.407792,672,88907.76,0.0
336,225792,-1077.3258,-1.603163,672,103027.89,0.0
337,226464,-907.6174,-1.350621,672,86452.72,0.0
338,227136,-1040.0635,-1.547714,672,100018.5,0.0
339,227808,-767.441,-1.142025,672,71129.67,0.0
340,228480,-1001.3128,-1.490049,672,94841.24,0.0
341,229152,-1035.0165,-1.540203,672,98522.85,0.0
342,229824,-967.3021,-1.439438,672,91803.07,0.0
343,230496,-770.9818,-1.147294,672,72168.3,0.0
344,231168,-890.4888,-1.325132,672,84135.69,0.0
345,231840,-913.3866,-1.359206,672,85672.84,0.0
346,232512,-883.0947,-1.314129,672,83381.96,0.0
347,233184,-1046.2147,-1.556867,672,99860.44,0.0
348,233856,-779.6332,-1.160168,672,72563.24,0.0
349,234528,-899.0935,-1.337937,672,84134.46,0.0
350,235200,-887.0392,-1.319999,672,83845.98,0.0
351,235872,-1057.494,-1.573652,672,102163.46,0.0
352,236544,-952.4472,-1.417332,672,90787.47,0.0
353,237216,-767.6539,-1.142342,672,71860.39,0.0
354,237888,-779.1823,-1.159498,672,72600.41,0.0
355,238560,-799.0594,-1.189076,672,75026.44,0.0
356,239232,-859.1174,-1.278449,672,80200.45,0.0
357,239904,-1031.6546,-1.5352,672,99437.48,0.0
358,240576,-1007.471,-1.499213,672,96412.37,0.0
359,241248,-754.7369,-1.12312,672,71139.04,0.0
360,241920,-836.8139,-1.245259,672,78238.12,0.0
361,242592,-915.2446,-1.361971,672,74022.46,11790.0
362,243264,-794.8814,-1.182859,672,75240.96,0.0
363,243936,-754.4077,-1.122631,672,69928.88,0.0
364,244608,-766.7743,-1.141033,672,71358.69,0.0
365,245280,-846.2921,-1.259363,672,80114.89,0.0
366,245952,-918.5194,-1.366844,672,87826.04,0.0
367,246624,-1073.0891,-1.596859,672,103525.3,0.0
368,247296,-1050.3749,-1.563058,672,100196.41,0.0
369,247968,-971.1554,-1.445172,672,92200.4,0.0
370,248640,-868.245,-1.292031,672,71766.41,9540.0
371,249312,-1107.463,-1.64801,672,104826.79,0.0
372,249984,-888.5378,-1.322229,672,83812.34,0.0
373,250656,-865.22,-1.28753,672,80850.32,0.0
374,251328,-1072.1173,-1.595413,672,102261.92,0.0
375,252000,-1013.72,-1.508512,672,97392.89,0.0
376,252672,-913.8772,-1.359936,672,85176.35,0.0
377,253344,-854.1529,-1.271061,672,80182.01,0.0
378,254016,-909.9002,-1.354018,672,85721.29,0.0
379,254688,-1039.499,-1.546873,672,100188.35,0.0
380,255360,-959.8349,-1.428326,672,89931.55,0.0
381,256032,-899.0655,-1.337895,672,84267.83,0.0
382,256704,-1032.3016,-1.536163,672,98090.62,0.0
383,257376,-935.9466,-1.392778,672,88421.39,0.0
384,258048,-886.044,-1.318518,672,83648.01,0.0
385,258720,-775.1395,-1.153481,672,72012.73,0.0
386,259392,-760.5028,-1.131701,672,70812.12,0.0
387,260064,-763.8239,-1.136643,672,71039.25,0.0
388,260736,-774.3479,-1.152303,672,73538.48,0.0
389,261408,-941.5493,-1.401115,672,89372.52,0.0
390,262080,-773.0107,-1.150314,672,72459.59,0.0
391,262752,-958.864,-1.426881,672,90843.24,0.0
392,263424,-765.2173,-1.138716,672,71692.83,0.0
393,264096,-1310.4496,-1.950074,672,127317.86,0.0
394,264768,-941.0853,-1.400425,672,89730.37,0.0
395,265440,-751.0179,-1.117586,672,69108.38,0.0
396,266112,-944.0463,-1.404831,672,89396.5,0.0
397,266784,-775.5077,-1.154029,672,72519.59,0.0
398,267456,-950.8727,-1.414989,672,89122.06,0.0
399,268128,-852.7836,-1.269023,672,79746.64,0.0
400,268800,-962.2685,-1.431947,672,91141.87,0.0
401,269472,-891.4774,-1.326603,672,83380.2,0.0
402,270144,-968.4182,-1.441099,672,91841.71,0.0
403,270816,-882.6796,-1.313511,672,83942.94,0.0
404,271488,-1062.4975,-1.581097,672,101523.59,0.0
405,272160,-773.4971,-1.151037,672,72823.02,0.0
406,272832,-1044.359,-1.554106,672,99367.68,0.0
407,273504,-902.4113,-1.342874,672,85077.43,0.0
408,274176,-798.6646,-1.188489,672,76321.1,0.0
409,274848,-865.568,-1.288048,672,81148.87,0.0
410,275520,-924.204,-1.375304,672,87070.04,0.0
411,276192,-912.5972,-1.358031,672,86215.34,0.0
412,276864,-810.2966,-1.205799,672,76808.34,0.0
413,277536,-1010.7345,-1.504069,672,96300.47,0.0
414,278208,-946.797,-1.408924,672,89953.98,0.0
415,278880,-941.4288,-1.400936,672,89353.02,0.0
416,279552,-1071.6456,-1.594711,672,103013.34,0.0
417,280224,-995.7056,-1.481705,672,94016.87,0.0
418,280896,-879.4792,-1.308749,672,83142.65,0.0
419,281568,-852.9806,-1.269316,672,79674.47,0.0
420,282240,-919.7027,-1.368605,672,87950.97,0.0
421,282912,-1033.1404,-1.537411,672,98704.35,0.0
422,283584,-757.4857,-1.127211,672,69490.13,0.0
423,284256,-1041.0801,-1.549226,672,98613.83,0.0
424,284928,-1009.1868,-1.501766,672,96495.34,0.0
425,285600,-909.5407,-1.353483,672,85788.94,0.0
426,286272,-805.9969,-1.1994,672,76236.04,0.0
427,286944,-781.606,-1.163104,672,73104.53,0.0
428,287616,-939.4674,-1.398017,672,88486.5,0.0
429,288288,-827.5298,-1.231443,672,78087.32,0.0
430,288960,-1039.8541,-1.547402,672,99212.01,0.0
431,289632,-1056.2652,-1.571823,672,100217.44,0.0
432,290304,-831.6917,-1.237636,672,77963.54,0.0
433,290976,-775.8797,-1.154583,672,72729.48,0.0
434,291648,-853.9343,-1.270736,672,80517.98,0.0
435,292320,-921.9518,-1.371952,672,88556.87,0.0
436,292992,-758.4674,-1.128672,672,69545.73,0.0
437,293664,-999.946,-1.488015,672,94414.37,0.0
438,294336,-940.0523,-1.398887,672,89802.45,0.0
439,295008,-791.0821,-1.177205,672,74150.81,0.0
440,295680,-1002.6686,-1.492066,672,95073.05,0.0
441,296352,-795.8501,-1.184301,672,75187.12,0.0
442,297024,-929.0172,-1.382466,672,87930.98,0.0
443,297696,-792.7501,-1.179688,672,74482.5,0.0
444,298368,-940.8879,-1.400131,672,89401.19,0.0
445,299040,-1065.7147,-1.585885,672,102491.18,0.0
446,299712,-793.7147,-1.181123,672,75236.02,0.0
