start,idle,oracle,never_charge,oracle_sav,nochg_sav
5569,85388.46349363014,73985.35758445818,82634.10132891494,0.13354387047874003,0.03225684187326634
5571,85285.58061726028,74454.96569280064,83710.92591832059,0.12699233382797312,0.018463316864855892
5573,85159.30588527398,74009.02464170843,82925.92859807254,0.13093438383101821,0.026225874717793356
5580,84719.62218534246,73831.25488425489,83025.95965624717,0.12852237793585675,0.019991384350015653
5585,84391.60944541096,73677.04900574367,83056.1032148355,0.12696239010109223,0.01582510677722448
5590,84038.84866787671,73160.97062746872,82366.8009055893,0.12943868476111078,0.019896128859348966
5594,83789.06272157533,72234.1413580816,80721.8610018871,0.13790488863552341,0.03660623021742485
5599,83523.62678835615,72743.47709694461,82052.96361728103,0.129067068875347,0.01760775037704836
5609,83222.67191910959,72732.98657319693,82350.55608952465,0.1260436021101122,0.010479305812635058
5614,83412.2731030822,72484.78846671784,81638.00316932981,0.13100571690283516,0.021271089586057973
5619,83607.44455945207,72813.79916615105,82108.97137791385,0.12909909458631774,0.017922724339130686
5626,83785.66587239727,73128.48867705265,82568.40681696619,0.12719570924667634,0.014528249465546029
5629,83773.64109938356,72490.56422510697,81266.61758690419,0.13468528675852934,0.029926161493985925
5633,83665.2451940411,72414.31076154903,81224.45622420788,0.1344756046121454,0.029173272177382626
5637,83400.42249623287,72466.08341726704,81612.02790842191,0.13110651902824264,0.02144347155905291
5639,83239.9917089041,72613.63745649943,82086.24816179444,0.12765924208120716,0.01386044764569864
5641,83090.22159595891,72211.18368232997,81415.7837329806,0.13093042363673324,0.02015204473903748
5669,81019.573465,70058.33505755264,79175.74859185462,0.13529123813744276,0.022757770675525722
5681,80146.46386760272,68951.7082302548,77821.4401164709,0.13967872189396918,0.02900968600402171
5701,78181.66137438356,68276.5596377319,77341.68410285063,0.1266934158538756,0.010743916882382238
5705,78302.55807849315,67580.65220548249,76512.40562749778,0.1369291902604594,0.022861991931360206
5710,78412.58167917808,67585.47044733894,76645.53313864072,0.13807874960854916,0.022535267972264576
13061,81825.10714000001,71290.22187316148,79126.07044698912,0.1287488111541814,0.03298543426766219
13070,81780.2965,72470.97745235807,80975.31826746691,0.11383327581408226,0.00984318065578411
13074,81769.71621,71779.24763047711,79940.62829340735,0.12217810018889495,0.02236876928733865
13076,81776.65119,71781.56817420467,79872.71173136635,0.12222416631579519,0.023282189120339993
13082,81799.84796000001,72012.36833080422,80269.52449777839,0.11965156260414873,0.018708145557555945
13085,81837.50841000001,72435.94544881044,81044.50878378033,0.11488085529300843,0.009689928757933454
13093,82007.44988,70995.91953018736,79287.61945626485,0.13427475632915808,0.03316565053193378
13104,81687.04117999999,71369.85844086866,80162.8563181769,0.12630133972409513,0.018658833026703677
13108,81118.93568,69857.2606579487,78308.09258739043,0.1388291762909295,0.034650887231778345
13127,81203.10747,71132.39850841816,80267.83553329372,0.12401876326349213,0.011517686525134675
13141,81206.36048999999,70311.79145495014,78351.3770869089,0.13415906056264448,0.035157140227244366
13142,81122.30049,70981.78641095108,79678.74640885244,0.12500279229999078,0.017794787283251404
13149,80784.42121,70282.77397583006,78460.57591103003,0.1299959457142212,0.02876600790304743
16482,76155.50116,67114.89531199928,75124.17534612221,0.11871244638002879,0.013542367894224874
16488,76818.01183,67424.09461733898,75575.14767475871,0.1222879502980365,0.01617933249810962
16497,76947.17225,67343.22762270708,75210.04218401658,0.12481218407987592,0.02257561928773053
16506,77015.84564,67707.26215330858,75379.05409947404,0.12086582195309675,0.021252659461494624
16507,77060.30064,67890.13637899756,75708.74362423115,0.11899985056952203,0.017538953320242964
16508,77090.70786,67419.62307711123,74706.92554250629,0.12545071969571048,0.030921785305471024
18340,86771.20352000001,75686.97255595711,84117.29841165165,0.12774089230522293,0.03058509045269451
18343,86725.77051,75928.71899991065,84663.64370889706,0.1244964610472315,0.0237775552638667
18344,86702.565,76126.97490914422,85096.7941881226,0.12197551584380209,0.01852045336694944
18353,86554.52984999999,75660.90757098797,84293.40383298627,0.12585848826041568,0.026123716701278173
18359,86460.7298,75490.78293741525,84042.3250074817,0.12687779628925536,0.027971135544570626
18365,86453.617,75970.15505169267,85037.69067559001,0.12126111448069701,0.016377872592768277
18373,86748.17583000001,76011.33092220538,84810.11417596965,0.1237702672715052,0.022341238135408982
18396,87290.88247,76669.63229445039,85591.02189210066,0.12167651276981764,0.0194735180788617
18406,87817.22966999999,77529.50467620898,86804.65004053764,0.11714927733942726,0.011530534876440762
18412,87880.35577,77350.51216445176,86368.85276616047,0.1198202204950886,0.01719955490161439
18413,87884.97909,77048.3615240428,85741.32022508292,0.12330454735455737,0.024391641064417
18415,87887.20184,77433.20288682856,86531.9886381615,0.11894790975599728,0.015419915226174499
18427,87720.5845,77505.34135672092,86857.36509186085,0.11645206426182758,0.00984055695774747
18446,87142.22495,77088.13604255542,85907.28368709481,0.11537562775351867,0.01417155992532636
18447,87129.51082,76417.14845452565,85236.16527100003,0.12294757843418755,0.02173024422128807
18450,87080.4325,76573.30844061187,85254.72209758422,0.12065998936544238,0.02096579392179494
18454,86997.56837999998,76392.58683658906,84978.41682216716,0.12189974663531994,0.023209287287356085
18459,86904.17251,75827.32984995369,84609.9089681863,0.12746042382224754,0.026399923911014832
18460,86939.18655,76376.55461776615,85449.40061288104,0.121494487714802,0.017135954409490103
18469,86835.83727999999,75873.8649369624,84919.4758751363,0.1262378838784151,0.022068784788524996
18495,86194.87978,74607.01319204344,83599.93065549439,0.13443799234401074,0.030105606401782167
18503,86453.5083,75735.9440517772,85274.30388120687,0.1239691073152528,0.013639752069993571
18505,86540.83982999998,74889.20257187873,83996.82234043887,0.13463744147860843,0.029396727539951737
18511,86464.96306000001,75741.77418064937,85222.34718515529,0.12401773504384166,0.01437132256660354
18517,86497.32616,76000.69732045765,85438.34156146694,0.12135206145131028,0.01224297496288134
18524,86587.05494,75826.49019268784,84747.78848452814,0.12427452065171446,0.02124181792239468
18527,86594.96793,75393.17888081,83846.48959712463,0.12935842944413461,0.03173946937767945
21695,100303.55812,89179.89055886393,98743.36060197891,0.1109000295665291,0.015554757450922286
21716,100300.26845,88959.76250502182,98293.24143227289,0.1130655592475454,0.020010185902220444
21719,100321.42903,89245.27699800207,98859.1447122937,0.11040664132371691,0.014575991708302165
21726,100388.02262,88881.18698451274,98038.24718716499,0.11462359089434634,0.023406930144740934
21734,100237.05343999999,89169.15755302203,98791.78220403411,0.11041721107258,0.014418532731820458
21755,99492.61000999999,88000.61850868393,97173.42324383814,0.1155059807975789,0.02331014098362425
21759,99409.47916,88507.1920987448,98305.47088418646,0.1096704977571397,0.011105664018585523
21760,99369.29184,87684.71871596226,96653.26043494817,0.11758736434241403,0.02733270364274174
21761,99359.15610000001,87895.70949682816,97098.7905735603,0.11537383219755272,0.02274944368654626
21771,99316.74603000001,87605.43271079313,96545.61225876302,0.11791881819878908,0.02790197909222606
21774,99251.66391,87623.74816757231,96652.38392612606,0.11715587713442992,0.02618877993048998
21777,99205.60853,87342.87396773245,96122.44753792312,0.11957725715356336,0.031078494832724377
25727,102047.55946,90065.07482753342,99625.58405647725,0.11742058992761516,0.023733790561371572
25730,102080.18943,90396.89909216706,100274.75079739973,0.11445208324034882,0.017686474159986983
25734,102113.35286,90298.16253946204,100036.11362531516,0.11570661416569966,0.020342483881934454
25738,102123.22187000001,90797.11818243389,101053.82235285727,0.110906251097169,0.010471658625342366
25740,102124.55552,90630.99986380903,100710.0949576693,0.11254448646231878,0.01385034730509738
25748,102119.75438,90708.92908202572,100875.77269653502,0.11173964691996044,0.01218159690079136
25750,102105.97333,89976.7395791676,99381.5983513658,0.11879063834621593,0.02668183740660488
25758,102071.74298,90148.47460183932,99771.79195618871,0.11681262639452457,0.02253269079829409
25770,101982.12170000002,90553.99740400426,100702.49271786778,0.11206007587892494,0.012547581485865893
25777,101922.99655,89751.1944352213,99110.90278086203,0.11942154888281387,0.02759037571818689
25780,101846.26722000001,89741.81116029136,99172.95056015853,0.11885026707519475,0.026248548256234093
25788,101624.52567999999,90344.75534670573,100650.60330644304,0.11099456807122057,0.009583536720492903
25802,101566.73418,89772.1901653194,99532.03989678345,0.11612605357358348,0.02003307775566159
25805,101564.24470000001,89519.0005066591,99012.94337783518,0.11859729010854263,0.025120073798617325
25807,101585.31636999999,89311.49097174776,98562.98762352497,0.12082282988171031,0.02975163000395564
25810,101592.69589999999,89293.80246257808,98518.71052704433,0.12106080391377734,0.03025793681055041
25816,101599.98652,90076.69148992053,100124.24331332967,0.11341827321808857,0.014525033488856146
25819,101600.25325000001,89992.10920034093,99949.66533042637,0.1142531015261921,0.016245903595458154
25823,101625.23696000001,90243.13314523007,100440.44039746988,0.11200076039429038,0.01165848757623531
30436,158153.58735,101216.1500895955,150262.93851930305,0.360013567914838,0.0498923164685138
30441,158048.42255,101580.1747097309,152723.67334804632,0.3572844760434409,0.033690619090292674
30446,157908.85325,100847.36711522785,149339.806853147,0.36135710544634797,0.05426577560718873
30456,157802.96955,101541.4589298072,153608.82332730398,0.35653011334724155,0.02657837323756515
30463,157786.12675000002,101815.49778888447,155182.75199188484,0.35472465237578654,0.01649938946939252
30471,158183.78115,101405.37139710573,151162.82077554043,0.3589395154175341,0.04438483088099811
30484,159162.92295,102309.05312480792,151729.28709057733,0.35720548964190835,0.0467045698938182
30491,159754.68035,103752.18850510693,156977.05408887367,0.3505530587410617,0.017386822439511312
30495,159930.09195,102870.9755339325,151374.0050532627,0.35677536178686287,0.05349891813613323
30499,159975.17725,103013.72385907188,151953.18918241945,0.35606432429146206,0.050145205059184024
30500,159963.46945,103484.11751165264,154577.9942386484,0.3530765626210751,0.03366690676232776
30520,159542.50215000001,103051.59753275278,154093.84773377294,0.3540805983106316,0.034151742280588725
30524,159493.41155000002,102326.02603215988,150345.22339070088,0.3584310158160896,0.05735778092897117
30525,159461.57455000002,102417.53297774697,150987.92884755845,0.35772907506545776,0.053139107188387984
30530,159354.86925000002,102267.28010422559,150643.0708997451,0.35824188752095143,0.05466916945341422
30543,158995.93275,103302.29183094214,155006.13473847214,0.3502834315053123,0.025093711156758267
30555,159133.28735,101352.945918057,150416.1023058392,0.36309399745422277,0.054779142625188855
30574,159917.64649999997,102813.28990641094,156909.31651200648,0.3570860242342864,0.018811745006474277
30599,160882.02357000002,101860.6729952849,153184.18617398952,0.3668610654255902,0.04784771614127015
30607,161190.19753,102117.06705524343,153821.03168190466,0.36648091124624466,0.04571720837257385
30614,161273.20365,102821.2580092615,153323.8290909173,0.36244053145736904,0.04929135392098166
