start,policy,cost,energy,demand,chg_steps,dis_steps,chg_steps_paid,dis_steps_paid,n_windows_paid,reward_med,reward_std,reward_min,mean_r_chg,mean_r_dis,max_demand_zar,paid_on_pairclose_frac
5569,naive_chg,85551.33058137874,85551.33058137874,0.0,,,,,,,,,,,,
5569,b0,77912.47489625044,77912.47489625044,0.0,,,,,,,,,,,,
5569,random,105084.6490039014,105084.6490039014,0.0,327.0,323.0,0.0,0.0,0.0,-1.416215866691696,0.8587914235633791,-5.634254189677288,-1.8894328885349203,-1.4008045784230083,0.0,0.0
5571,naive_chg,85970.63216726042,85970.63216726042,0.0,,,,,,,,,,,,
5571,b0,78324.98200215607,78324.98200215607,0.0,,,,,,,,,,,,
5571,random,103675.68908681157,103675.68908681157,0.0,316.0,326.0,0.0,0.0,0.0,-1.399368676934162,0.8070772732187396,-6.0456694953289,-1.7833738865178923,-1.463029788236492,0.0,0.0
5573,naive_chg,85501.60938527415,85501.60938527415,0.0,,,,,,,,,,,,
5573,b0,77897.77026390804,77897.77026390804,0.0,,,,,,,,,,,,
5573,random,103587.54035017165,103587.54035017165,0.0,318.0,314.0,0.0,0.0,0.0,-1.4592761779532526,0.7854280563632753,-5.137585340752414,-1.8354192562595235,-1.4952012911410124,0.0,0.0
5580,naive_chg,85386.53609534266,85386.53609534266,0.0,,,,,,,,,,,,
5580,b0,77740.02407158267,77740.02407158267,0.0,,,,,,,,,,,,
5580,random,104313.44426071884,104313.44426071884,0.0,305.0,328.0,0.0,0.0,0.0,-1.4128314084457483,0.8077071652875069,-5.414823241348128,-1.8358236274444313,-1.4657017747420416,0.0,0.0
5585,naive_chg,85196.51167541115,85196.51167541115,0.0,,,,,,,,,,,,
5585,b0,77576.28066217099,77576.28066217099,0.0,,,,,,,,,,,,
5585,random,103063.08437642416,103063.08437642416,0.0,320.0,318.0,0.0,0.0,0.0,-1.4219595851133107,0.7493323194220411,-4.863608251732983,-1.7349059708434758,-1.507955913294636,0.0,0.0
5590,naive_chg,84726.94362438934,84726.94362438934,0.0,,,,,,,,,,,,
5590,b0,77079.63938192478,77079.63938192478,0.0,,,,,,,,,,,,
5590,random,107148.39768536043,107148.39768536043,0.0,333.0,316.0,0.0,0.0,0.0,-1.425311544464166,0.8341196946609667,-5.613260697074184,-1.8580390730518668,-1.4963710133321038,0.0,0.0
5594,naive_chg,83789.06272157551,83789.06272157551,0.0,,,,,,,,,,,,
5594,b0,76074.68678772256,76074.68678772256,0.0,,,,,,,,,,,,
5594,random,104192.22963949706,104192.22963949706,0.0,317.0,321.0,0.0,0.0,0.0,-1.4154298150291513,0.8346589908705091,-5.517524153694065,-1.8546239922870875,-1.4571871213236012,0.0,0.0
5599,naive_chg,84273.76045835634,84273.76045835634,0.0,,,,,,,,,,,,
5599,b0,76652.96855411648,76652.96855411648,0.0,,,,,,,,,,,,
5599,random,105388.27971502657,105388.27971502657,0.0,312.0,323.0,0.0,0.0,0.0,-1.4292122560816334,0.8020954124981055,-4.983844098713074,-1.8396843809383152,-1.523883589247816,0.0,0.0
5609,naive_chg,84298.9595701175,84298.9595701175,0.0,,,,,,,,,,,,
5609,b0,76659.35336236008,76659.35336236008,0.0,,,,,,,,,,,,
5609,random,103912.32861329183,103912.32861329183,0.0,335.0,309.0,0.0,0.0,0.0,-1.4507833155321046,0.8102080844399636,-4.895691975060676,-1.7928667067243182,-1.4857920893316103,0.0,0.0
5614,naive_chg,84050.76146363841,84050.76146363841,0.0,,,,,,,,,,,,
5614,b0,76313.61190572742,76313.61190572742,0.0,,,,,,,,,,,,
5614,random,104825.22947938537,104825.22947938537,0.0,326.0,320.0,0.0,0.0,0.0,-1.4387936431895207,0.7860931551292536,-4.9973817766450495,-1.793161456076572,-1.4736998490640378,0.0,0.0
5619,naive_chg,84375.7158694522,84375.7158694522,0.0,,,,,,,,,,,,
5619,b0,76642.62260516062,76642.62260516062,0.0,,,,,,,,,,,,
5619,random,104516.13080761793,104516.13080761793,0.0,317.0,326.0,0.0,0.0,0.0,-1.4220617878421855,0.8081520582468701,-5.090704482972937,-1.8072976145749147,-1.4596560440773692,0.0,0.0
5626,naive_chg,84652.2716423974,84652.2716423974,0.0,,,,,,,,,,,,
5626,b0,77002.06126180166,77002.06126180166,0.0,,,,,,,,,,,,
5626,random,103662.81221405126,103662.81221405126,0.0,316.0,311.0,0.0,0.0,0.0,-1.4054947813222447,0.8245326778777656,-5.779160812024788,-1.8317663316143178,-1.4787492401606832,0.0,0.0
5629,naive_chg,83995.91609938367,83995.91609938367,0.0,,,,,,,,,,,,
5629,b0,76366.61702973965,76366.61702973965,0.0,,,,,,,,,,,,
5629,random,101252.29267807845,101252.29267807845,0.0,302.0,341.0,0.0,0.0,0.0,-1.4143835183276119,0.8107717068099982,-5.305692823368013,-1.7960030772739224,-1.4142853615945414,0.0,0.0
5633,naive_chg,83887.52019404121,83887.52019404121,0.0,,,,,,,,,,,,
5633,b0,76301.9172500433,76301.9172500433,0.0,,,,,,,,,,,,
5633,random,103510.35319625685,103510.35319625685,0.0,317.0,319.0,0.0,0.0,0.0,-1.4257563007631315,0.821944495635496,-5.272360145569153,-1.8285212369659218,-1.458628627447433,0.0,0.0
5637,naive_chg,83954.15397623299,83954.15397623299,0.0,,,,,,,,,,,,
5637,b0,76387.62503125734,76387.62503125734,0.0,,,,,,,,,,,,
5637,random,103845.24873814174,103845.24873814174,0.0,320.0,313.0,0.0,0.0,0.0,-1.423329676189271,0.8318718775693974,-5.570754148945236,-1.8605392138861057,-1.4348608883375986,0.0,0.0
5639,naive_chg,84123.3125589042,84123.3125589042,0.0,,,,,,,,,,,,
5639,b0,76493.49776662987,76493.49776662987,0.0,,,,,,,,,,,,
5639,random,101599.34060075924,101599.34060075924,0.0,315.0,320.0,0.0,0.0,0.0,-1.412755386430204,0.7937834282703526,-5.650172386362797,-1.7659716545923076,-1.4128780396457103,0.0,0.0
5641,naive_chg,83756.690955959,83756.690955959,0.0,,,,,,,,,,,,
5641,b0,76126.45324031601,76126.45324031601,0.0,,,,,,,,,,,,
5641,random,102243.80687079337,102243.80687079337,0.0,317.0,316.0,0.0,0.0,0.0,-1.4206629057795563,0.7858751190149513,-5.864148747137558,-1.7525755608850302,-1.4834053626405297,0.0,0.0
5669,naive_chg,81614.114635,81614.114635,0.0,,,,,,,,,,,,
5669,b0,73936.6815981899,73936.6815981899,0.0,,,,,,,,,,,,
5669,random,100591.20018587398,100591.20018587398,0.0,344.0,295.0,0.0,0.0,0.0,-1.4139624086222793,0.8436343242502384,-5.672946163909587,-1.7455574742158204,-1.4475710636274264,0.0,0.0
5681,naive_chg,80490.01210760274,80490.01210760274,0.0,,,,,,,,,,,,
5681,b0,72857.73788280618,72857.73788280618,0.0,,,,,,,,,,,,
5681,random,98551.03252182406,98551.03252182406,0.0,314.0,316.0,0.0,0.0,0.0,-1.380872138302189,0.8241773886785628,-4.836782096516965,-1.7061313561541325,-1.4327352071083637,0.0,0.0
5701,naive_chg,79222.08619438348,79222.08619438348,0.0,,,,,,,,,,,,
5701,b0,71317.42576580921,71317.42576580921,0.0,,,,,,,,,,,,
5701,random,100035.01565746787,100035.01565746787,0.0,333.0,316.0,0.0,0.0,0.0,-1.3875372476927426,0.8543419370898582,-5.668508307923369,-1.7723163043200136,-1.3748468769405375,0.0,0.0
5705,naive_chg,78933.33893680814,78933.33893680814,0.0,,,,,,,,,,,,
5705,b0,70488.14729045639,70488.14729045639,0.0,,,,,,,,,,,,
5705,random,97573.02203848535,97573.02203848535,0.0,308.0,335.0,0.0,0.0,0.0,-1.3566514142843462,0.8021296607944667,-5.336819800460208,-1.6641333567346255,-1.4063307533262301,0.0,0.0
5710,naive_chg,79054.57445301666,79054.57445301666,0.0,,,,,,,,,,,,
5710,b0,70621.27480159934,70621.27480159934,0.0,,,,,,,,,,,,
5710,random,100357.45672632153,100357.45672632153,0.0,327.0,313.0,0.0,0.0,0.0,-1.3946462119295582,0.8444921006928109,-5.737601925542869,-1.7717109369870476,-1.3812779107046806,0.0,0.0
13061,naive_chg,82014.82269204523,82014.82269204523,0.0,,,,,,,,,,,,
13061,b0,74530.85737598904,74530.85737598904,0.0,,,,,,,,,,,,
13061,random,98935.42418574395,98935.42418574395,0.0,314.0,329.0,0.0,0.0,0.0,-1.4874488690247922,0.7398187663577916,-5.3810991232514676,-1.7124343246972455,-1.3897385878953354,0.0,0.0
13070,naive_chg,82858.59697999986,82858.59697999986,0.0,,,,,,,,,,,,
13070,b0,76099.17655946684,76099.17655946684,0.0,,,,,,,,,,,,
13070,random,105154.02798084458,105154.02798084458,0.0,331.0,299.0,0.0,0.0,0.0,-1.5340720774799672,0.7805229222807434,-5.402014093833166,-1.845094625294147,-1.4862331851480513,0.0,0.0
13074,naive_chg,82300.41999999984,82300.41999999984,0.0,,,,,,,,,,,,
13074,b0,75247.6230114073,75247.6230114073,0.0,,,,,,,,,,,,
13074,random,101067.48423938343,101067.48423938343,0.0,313.0,327.0,0.0,0.0,0.0,-1.4888544850467316,0.7465821203806832,-4.915911626986469,-1.774275301739043,-1.4122874986017324,0.0,0.0
13076,naive_chg,82317.57962999986,82317.57962999986,0.0,,,,,,,,,,,,
13076,b0,75274.29235836626,75274.29235836626,0.0,,,,,,,,,,,,
13076,random,99054.66047517903,99054.66047517903,0.0,315.0,331.0,0.0,0.0,0.0,-1.4750239106557523,0.7233612178443232,-4.969114551504352,-1.68745046861402,-1.4321097534026546,0.0,0.0
13082,naive_chg,82503.39278999987,82503.39278999987,0.0,,,,,,,,,,,,
13082,b0,74903.34259177833,74903.34259177833,0.0,,,,,,,,,,,,
13082,random,103522.67741274054,103522.67741274054,0.0,317.0,319.0,0.0,0.0,0.0,-1.4939108491493134,0.7714025215269655,-4.92739713433961,-1.8117731206880752,-1.4145941860226352,0.0,0.0
13085,naive_chg,82915.00869999986,82915.00869999986,0.0,,,,,,,,,,,,
13085,b0,75073.31683778028,75073.31683778028,0.0,,,,,,,,,,,,
13085,random,102612.80557028919,102612.80557028919,0.0,305.0,329.0,0.0,0.0,0.0,-1.4807554822339648,0.7811806640474663,-5.163770372655457,-1.8232166739174824,-1.423007010305724,0.0,0.0
13093,naive_chg,82175.31195999985,82175.31195999985,0.0,,,,,,,,,,,,
13093,b0,73199.33599426482,73199.33599426482,0.0,,,,,,,,,,,,
13093,random,101722.71878482161,101722.71878482161,0.0,331.0,307.0,0.0,0.0,0.0,-1.5130638954647537,0.7580117303048134,-4.889537302172218,-1.7465001761988912,-1.50706825773896,0.0,0.0
13104,naive_chg,82390.58600999985,82390.58600999985,0.0,,,,,,,,,,,,
13104,b0,73681.51795217687,73681.51795217687,0.0,,,,,,,,,,,,
13104,random,101814.52058819134,101814.52058819134,0.0,300.0,344.0,0.0,0.0,0.0,-1.4802182038190854,0.7402608622530323,-5.203675965239977,-1.7626795412804328,-1.4335018763862395,0.0,0.0
13108,naive_chg,81203.75581999987,81203.75581999987,0.0,,,,,,,,,,,,
13108,b0,72264.98026239041,72264.98026239041,0.0,,,,,,,,,,,,
13108,random,100928.07896534802,100928.07896534802,0.0,326.0,311.0,0.0,0.0,0.0,-1.5246428266586554,0.7096012197112586,-5.528858384793876,-1.6900589395466339,-1.5089548970529338,0.0,0.0
13127,naive_chg,82206.72354999991,82206.72354999991,0.0,,,,,,,,,,,,
13127,b0,72895.2269932937,72895.2269932937,0.0,,,,,,,,,,,,
13127,random,101796.49103989165,101796.49103989165,0.0,309.0,326.0,0.0,0.0,0.0,-1.4836005513273616,0.7954336936786031,-5.528047887576683,-1.820034077363611,-1.4095829848246475,0.0,0.0
13141,naive_chg,81291.18062999994,81291.18062999994,0.0,,,,,,,,,,,,
13141,b0,72346.35065290889,72346.35065290889,0.0,,,,,,,,,,,,
13141,random,100071.68057009757,100071.68057009757,0.0,314.0,320.0,0.0,0.0,0.0,-1.492825016318161,0.7292100173072892,-5.011662200193743,-1.718428778026739,-1.4630260380175037,0.0,0.0
13142,naive_chg,81896.08421999995,81896.08421999995,0.0,,,,,,,,,,,,
13142,b0,72942.96602785242,72942.96602785242,0.0,,,,,,,,,,,,
13142,random,100167.36644374605,100167.36644374605,0.0,310.0,328.0,0.0,0.0,0.0,-1.4784622547534343,0.7475457513602541,-5.262044974733446,-1.7317841147069348,-1.3916015647021478,0.0,0.0
13149,naive_chg,81110.98763999996,81110.98763999996,0.0,,,,,,,,,,,,
13149,b0,72740.44512303002,72740.44512303002,0.0,,,,,,,,,,,,
13149,random,103202.4217320193,103202.4217320193,0.0,312.0,319.0,0.0,0.0,0.0,-1.5125993915085312,0.7614522654761672,-5.174852625824235,-1.765973802875501,-1.4837007707017988,0.0,0.0
16482,naive_chg,77103.72631,77103.72631,0.0,,,,,,,,,,,,
16482,b0,68997.21771412234,68997.21771412234,0.0,,,,,,,,,,,,
16482,random,99438.61672789618,99438.61672789618,0.0,315.0,328.0,0.0,0.0,0.0,-1.4674275181190857,0.709784124314176,-4.991855155531504,-1.703011405244496,-1.4354070045144058,0.0,0.0
16488,naive_chg,77714.38193348599,77714.38193348599,0.0,,,,,,,,,,,,
16488,b0,68500.34800875885,68500.34800875885,0.0,,,,,,,,,,,,
16488,random,100469.45696431796,100469.45696431796,0.0,304.0,337.0,0.0,0.0,0.0,-1.4708251012932283,0.8159850771962218,-6.269600329696532,-1.7902015759364458,-1.4051793946694522,0.0,0.0
16497,naive_chg,77562.25163000003,77562.25163000003,0.0,,,,,,,,,,,,
16497,b0,68657.11532001673,68657.11532001673,0.0,,,,,,,,,,,,
16497,random,99517.08700120175,99517.08700120175,0.0,327.0,304.0,0.0,0.0,0.0,-1.489958617016956,0.726518371278719,-4.985052783713919,-1.7271975153214623,-1.477375367698495,0.0,0.0
16506,naive_chg,77699.38572000003,77699.38572000003,0.0,,,,,,,,,,,,
16506,b0,69076.62004647419,69076.62004647419,0.0,,,,,,,,,,,,
16506,random,100503.40280994624,100503.40280994624,0.0,325.0,308.0,0.0,0.0,0.0,-1.4880663175276148,0.7376451665354442,-4.875118818612916,-1.7436220411407277,-1.439224278735451,0.0,0.0
16507,naive_chg,77903.92403757814,77903.92403757814,0.0,,,,,,,,,,,,
16507,b0,69323.00730623129,69323.00730623129,0.0,,,,,,,,,,,,
16507,random,98791.76257681614,98791.76257681614,0.0,322.0,316.0,0.0,0.0,0.0,-1.474714199745558,0.7562211956421526,-5.825417691024631,-1.7298130669082257,-1.4312982673277852,0.0,0.0
16508,naive_chg,77423.85363000006,77423.85363000006,0.0,,,,,,,,,,,,
16508,b0,68895.45683250643,68895.45683250643,0.0,,,,,,,,,,,,
16508,random,96820.3792083336,96820.3792083336,0.0,292.0,348.0,0.0,0.0,0.0,-1.466039156874118,0.7051941446695216,-5.182018292309996,-1.699003650347,-1.3780088652011906,0.0,0.0
18340,naive_chg,86965.56078000004,86965.56078000004,0.0,,,,,,,,,,,,
18340,b0,79312.30764665171,79312.30764665171,0.0,,,,,,,,,,,,
18340,random,105619.39821366862,105619.39821366862,0.0,298.0,335.0,0.0,0.0,0.0,-1.552583328919162,0.8257789199378882,-5.324758886648189,-1.8645366384175435,-1.5004145289598576,0.0,0.0
18343,naive_chg,87184.54611000004,87184.54611000004,0.0,,,,,,,,,,,,
18343,b0,79583.09957789714,79583.09957789714,0.0,,,,,,,,,,,,
18343,random,107583.66059131401,107583.66059131401,0.0,325.0,317.0,0.0,0.0,0.0,-1.547475996702779,0.8341626205746362,-5.675610012692469,-1.8328579973674466,-1.5763735142411361,0.0,0.0
18344,naive_chg,87403.62035000004,87403.62035000004,0.0,,,,,,,,,,,,
18344,b0,79778.60649712267,79778.60649712267,0.0,,,,,,,,,,,,
18344,random,106374.89882005172,106374.89882005172,0.0,315.0,330.0,0.0,0.0,0.0,-1.5327879175041343,0.7949448183044134,-5.330447291065701,-1.8030837786303902,-1.5487024433905376,0.0,0.0
18353,naive_chg,86912.92606000004,86912.92606000004,0.0,,,,,,,,,,,,
18353,b0,79311.02912498642,79311.02912498642,0.0,,,,,,,,,,,,
18353,random,107527.06479021916,107527.06479021916,0.0,342.0,292.0,0.0,0.0,0.0,-1.583395346441848,0.850170659382646,-5.9375273623370814,-1.8837287359402342,-1.5363607697097577,0.0,0.0
18359,naive_chg,86786.63100629917,86786.63100629917,0.0,,,,,,,,,,,,
18359,b0,79050.89551305307,79050.89551305307,0.0,,,,,,,,,,,,
18359,random,106618.62337969927,106618.62337969927,0.0,309.0,334.0,0.0,0.0,0.0,-1.5188131410524908,0.8326504600040264,-5.4215500185627485,-1.8800254486156571,-1.4990041536821388,0.0,0.0
18365,naive_chg,87235.13590000002,87235.13590000002,0.0,,,,,,,,,,,,
18365,b0,79530.26762733047,79530.26762733047,0.0,,,,,,,,,,,,
18365,random,106097.34769309686,106097.34769309686,0.0,308.0,330.0,0.0,0.0,0.0,-1.5245235830989503,0.8732436602346286,-5.661452227897872,-1.8771021587501278,-1.4286458005593956,0.0,0.0
18373,naive_chg,87307.1789910893,87307.1789910893,0.0,,,,,,,,,,,,
18373,b0,79571.44349784321,79571.44349784321,0.0,,,,,,,,,,,,
18373,random,108180.60451815202,108180.60451815202,0.0,330.0,301.0,0.0,0.0,0.0,-1.5373414814524842,0.8540646728274729,-5.6875591316644405,-1.889608186944132,-1.5202833535569276,0.0,0.0
18396,naive_chg,87876.53264000008,87876.53264000008,0.0,,,,,,,,,,,,
18396,b0,80229.74487008828,80229.74487008828,0.0,,,,,,,,,,,,
18396,random,107917.01217689094,107917.01217689094,0.0,321.0,330.0,0.0,0.0,0.0,-1.5151182898899447,0.8433045116312741,-5.359433094092548,-1.8737940146522558,-1.5050699899628623,0.0,0.0
18406,naive_chg,88825.35274509291,88825.35274509291,0.0,,,,,,,,,,,,
18406,b0,81150.36645753794,81150.36645753794,0.0,,,,,,,,,,,,
18406,random,109765.07260098861,109765.07260098861,0.0,329.0,313.0,0.0,0.0,0.0,-1.5383945311585259,0.8031705986930852,-6.247383276492428,-1.8754589559073538,-1.559156239415325,0.0,0.0
18412,naive_chg,88612.7074400001,88612.7074400001,0.0,,,,,,,,,,,,
18412,b0,80946.31880566079,80946.31880566079,0.0,,,,,,,,,,,,
18412,random,108074.89196301975,108074.89196301975,0.0,307.0,333.0,0.0,0.0,0.0,-1.5108779240459551,0.8523036866736637,-5.653370254799992,-1.901463221369333,-1.5026489883043261,0.0,0.0
18413,naive_chg,88257.15635000009,88257.15635000009,0.0,,,,,,,,,,,,
18413,b0,80696.79984008324,80696.79984008324,0.0,,,,,,,,,,,,
18413,random,108988.8492190247,108988.8492190247,0.0,334.0,307.0,0.0,0.0,0.0,-1.5331421404399252,0.8229240836428098,-5.79566012510719,-1.8806899447769285,-1.5511248708519016,0.0,0.0
18415,naive_chg,88665.16434000009,88665.16434000009,0.0,,,,,,,,,,,,
18415,b0,81076.02426416181,81076.02426416181,0.0,,,,,,,,,,,,
18415,random,108258.27707455867,108258.27707455867,0.0,317.0,332.0,0.0,0.0,0.0,-1.540540678064305,0.8263374877136577,-6.327952543651492,-1.8737138450851332,-1.5199290011799247,0.0,0.0
18427,naive_chg,88720.64418000005,88720.64418000005,0.0,,,,,,,,,,,,
18427,b0,81159.74928036112,81159.74928036112,0.0,,,,,,,,,,,,
18427,random,105236.48672043825,105236.48672043825,0.0,309.0,334.0,0.0,0.0,0.0,-1.5049501351039791,0.7931276654140261,-5.714183553656933,-1.8345621678534667,-1.4592080138865047,0.0,0.0
18446,naive_chg,88016.65480000006,88016.65480000006,0.0,,,,,,,,,,,,
18446,b0,81031.28276309498,81031.28276309498,0.0,,,,,,,,,,,,
18446,random,107311.27476178325,107311.27476178325,0.0,300.0,343.0,0.0,0.0,0.0,-1.4814954112764789,0.826269078170124,-5.189717886813138,-1.8391612966586361,-1.5512305046384478,0.0,0.0
18447,naive_chg,87698.80155000008,87698.80155000008,0.0,,,,,,,,,,,,
18447,b0,80393.50045750018,80393.50045750018,0.0,,,,,,,,,,,,
18447,random,109567.43312042527,109567.43312042527,0.0,327.0,318.0,0.0,0.0,0.0,-1.5177557662675922,0.876785986233194,-5.424269045158383,-1.8895073535561404,-1.5384967649590013,0.0,0.0
18450,naive_chg,87693.95771891848,87693.95771891848,0.0,,,,,,,,,,,,
18450,b0,80486.41519958437,80486.41519958437,0.0,,,,,,,,,,,,
18450,random,106495.66567799408,106495.66567799408,0.0,315.0,324.0,0.0,0.0,0.0,-1.5054451629526862,0.8177201459970721,-6.039454000578488,-1.8320394727657934,-1.5206250048257646,0.0,0.0
18454,naive_chg,87517.22005758609,87517.22005758609,0.0,,,,,,,,,,,,
18454,b0,80297.6231081673,80297.6231081673,0.0,,,,,,,,,,,,
18454,random,107321.65934291201,107321.65934291201,0.0,319.0,320.0,0.0,0.0,0.0,-1.5047008173393595,0.8726957715450132,-6.204031921146726,-1.910172661666829,-1.5294387316306637,0.0,0.0
18459,naive_chg,87229.13856000011,87229.13856000011,0.0,,,,,,,,,,,,
18459,b0,78497.42696868644,78497.42696868644,0.0,,,,,,,,,,,,
18459,random,107326.48909178171,107326.48909178171,0.0,355.0,293.0,0.0,0.0,0.0,-1.5130309115941514,0.8219980257268047,-5.89797757316879,-1.8622004689919007,-1.5185799281316819,0.0,0.0
18460,naive_chg,87701.05634000011,87701.05634000011,0.0,,,,,,,,,,,,
18460,b0,79007.74592338117,79007.74592338117,0.0,,,,,,,,,,,,
18460,random,105308.20111137985,105308.20111137985,0.0,314.0,326.0,0.0,0.0,0.0,-1.4865790439678568,0.8366138981084452,-5.354839228853855,-1.8724921450981942,-1.4565486341661702,0.0,0.0
18469,naive_chg,87314.4398100001,87314.4398100001,0.0,,,,,,,,,,,,
18469,b0,78304.03592063642,78304.03592063642,0.0,,,,,,,,,,,,
18469,random,106980.67921963858,106980.67921963858,0.0,324.0,313.0,0.0,0.0,0.0,-1.4894250265145534,0.8245760511179724,-5.303644829385704,-1.8848871440047121,-1.5230883289870432,0.0,0.0
18495,naive_chg,86360.69693000003,86360.69693000003,0.0,,,,,,,,,,,,
18495,b0,77350.3391894945,77350.3391894945,0.0,,,,,,,,,,,,
18495,random,105749.68337637464,105749.68337637464,0.0,321.0,321.0,0.0,0.0,0.0,-1.519717769197844,0.822478725743271,-5.328889383998355,-1.8271894892887457,-1.5293072831279166,0.0,0.0
18503,naive_chg,87303.22117000002,87303.22117000002,0.0,,,,,,,,,,,,
18503,b0,77981.00416420698,77981.00416420698,0.0,,,,,,,,,,,,
18503,random,107741.23249444923,107741.23249444923,0.0,320.0,309.0,0.0,0.0,0.0,-1.5195109286012878,0.8433729309760364,-6.126551413131115,-1.8727078334928706,-1.5206754016157025,0.0,0.0
18505,naive_chg,86805.78343561533,86805.78343561533,0.0,,,,,,,,,,,,
18505,b0,77580.87058393899,77580.87058393899,0.0,,,,,,,,,,,,
18505,random,108703.75602399113,108703.75602399113,0.0,321.0,319.0,0.0,0.0,0.0,-1.4996842789154625,0.8436068370085664,-5.25500974848437,-1.8453121737043467,-1.5451177213074643,0.0,0.0
18511,naive_chg,87314.67593000003,87314.67593000003,0.0,,,,,,,,,,,,
18511,b0,78291.5953516554,78291.5953516554,0.0,,,,,,,,,,,,
18511,random,108821.54592739757,108821.54592739757,0.0,332.0,306.0,0.0,0.0,0.0,-1.5483491509423781,0.8326284920069473,-5.690244970135314,-1.8788471797198314,-1.5288955664738069,0.0,0.0
18517,naive_chg,87420.21196000002,87420.21196000002,0.0,,,,,,,,,,,,
18517,b0,78410.12757746705,78410.12757746705,0.0,,,,,,,,,,,,
18517,random,107322.68178658067,107322.68178658067,0.0,330.0,316.0,0.0,0.0,0.0,-1.5369106671923283,0.81398227306283,-5.767109931152842,-1.8372191380353977,-1.5138268271900857,0.0,0.0
18524,naive_chg,87154.65637999999,87154.65637999999,0.0,,,,,,,,,,,,
18524,b0,78471.87520552818,78471.87520552818,0.0,,,,,,,,,,,,
18524,random,103558.80200306476,103558.80200306476,0.0,295.0,345.0,0.0,0.0,0.0,-1.4870678094885106,0.7846687251410941,-5.234104418100841,-1.7583851508282389,-1.5263228462415044,0.0,0.0
18527,naive_chg,86760.69033636052,86760.69033636052,0.0,,,,,,,,,,,,
18527,b0,78258.47077162468,78258.47077162468,0.0,,,,,,,,,,,,
18527,random,104702.8517009844,104702.8517009844,0.0,316.0,322.0,0.0,0.0,0.0,-1.5163981716607298,0.8109929872127372,-5.66421033585978,-1.7886358425991287,-1.544047360256078,0.0,0.0
21695,naive_chg,101045.93200441451,101045.93200441451,0.0,,,,,,,,,,,,
21695,b0,93464.17543997904,93464.17543997904,0.0,,,,,,,,,,,,
21695,random,114698.70084918615,114698.70084918615,0.0,302.0,334.0,0.0,0.0,0.0,-1.6113861766630508,0.802827782317666,-5.252228224879299,-2.055191961872985,-1.5347830597860115,0.0,0.0
21716,naive_chg,100794.1635000001,100794.1635000001,0.0,,,,,,,,,,,,
21716,b0,93188.79972927291,93188.79972927291,0.0,,,,,,,,,,,,
21716,random,114502.58214369131,114502.58214369131,0.0,323.0,312.0,0.0,0.0,0.0,-1.6136052922346316,0.8093949839551885,-5.310577864982957,-2.059826478654775,-1.549830851582788,0.0,0.0
21719,naive_chg,101086.4106700001,101086.4106700001,0.0,,,,,,,,,,,,
21719,b0,93484.05339929371,93484.05339929371,0.0,,,,,,,,,,,,
21719,random,118060.85532653921,118060.85532653921,0.0,316.0,312.0,0.0,0.0,0.0,-1.6287524223356096,0.8127301400368951,-5.370119590437588,-2.09208143162839,-1.6272993546776007,0.0,0.0
21726,naive_chg,100660.1761300001,100660.1761300001,0.0,,,,,,,,,,,,
21726,b0,93168.99716616502,93168.99716616502,0.0,,,,,,,,,,,,
21726,random,115634.50548570688,115634.50548570688,0.0,317.0,323.0,0.0,0.0,0.0,-1.62257912447415,0.869323356091432,-6.106959545354115,-2.072486672934105,-1.5768244289805076,0.0,0.0
21734,naive_chg,101035.19899857267,101035.19899857267,0.0,,,,,,,,,,,,
21734,b0,93408.95804503416,93408.95804503416,0.0,,,,,,,,,,,,
21734,random,116469.09774357593,116469.09774357593,0.0,310.0,337.0,0.0,0.0,0.0,-1.632712297809554,0.8410338040256721,-6.200690532321861,-2.1071901719621957,-1.5510337013197217,0.0,0.0
21755,naive_chg,99866.65995423454,99866.65995423454,0.0,,,,,,,,,,,,
21755,b0,92233.16306383818,92233.16306383818,0.0,,,,,,,,,,,,
21755,random,117587.04965807636,117587.04965807636,0.0,325.0,308.0,0.0,0.0,0.0,-1.6377665074692365,0.8603332273715024,-6.307005769417765,-2.055208557624405,-1.6396001567488265,0.0,0.0
21759,naive_chg,100325.60780000006,100325.60780000006,0.0,,,,,,,,,,,,
21759,b0,92783.73840618649,92783.73840618649,0.0,,,,,,,,,,,,
21759,random,114337.78386329836,114337.78386329836,0.0,319.0,317.0,0.0,0.0,0.0,-1.6253203020401492,0.788333754286792,-5.661834219550928,-1.9746085627141838,-1.5829031763638777,0.0,0.0
21760,naive_chg,99498.38916000004,99498.38916000004,0.0,,,,,,,,,,,,
21760,b0,91935.7439409482,91935.7439409482,0.0,,,,,,,,,,,,
21760,random,115761.18367069522,115761.18367069522,0.0,333.0,310.0,0.0,0.0,0.0,-1.652339209121333,0.8284982075688386,-6.0576327588885155,-2.0417371900747234,-1.6045328944159694,0.0,0.0
21761,naive_chg,99729.46625000004,99729.46625000004,0.0,,,,,,,,,,,,
21761,b0,92138.25524856035,92138.25524856035,0.0,,,,,,,,,,,,
21761,random,116110.51352263402,116110.51352263402,0.0,329.0,312.0,0.0,0.0,0.0,-1.6411430588080562,0.816331372173562,-5.283233871188618,-2.003866876624781,-1.6418963146788343,0.0,0.0
21771,naive_chg,99471.47415634371,99471.47415634371,0.0,,,,,,,,,,,,
21771,b0,91841.76969976306,91841.76969976306,0.0,,,,,,,,,,,,
21771,random,113668.04844001686,113668.04844001686,0.0,308.0,328.0,0.0,0.0,0.0,-1.629911183832601,0.8270912912357312,-5.979352187431805,-2.008067336970313,-1.5729496225033834,0.0,0.0
21774,naive_chg,99489.78961312292,99489.78961312292,0.0,,,,,,,,,,,,
21774,b0,91858.67060812609,91858.67060812609,0.0,,,,,,,,,,,,
21774,random,116154.56077104424,116154.56077104424,0.0,319.0,319.0,0.0,0.0,0.0,-1.642260262479533,0.8656703661329894,-5.625588138981568,-2.0519175424641536,-1.6057769126138373,0.0,0.0
21777,naive_chg,99205.60853000006,99205.60853000006,0.0,,,,,,,,,,,,
21777,b0,91541.85899992315,91541.85899992315,0.0,,,,,,,,,,,,
21777,random,113226.60024245824,113226.60024245824,0.0,310.0,328.0,0.0,0.0,0.0,-1.6165708308541515,0.8389504985790593,-5.4924066204457125,-2.046943670150758,-1.5192866409423451,0.0,0.0
25727,naive_chg,102371.72791248582,102371.72791248582,0.0,,,,,,,,,,,,
25727,b0,94808.39423747764,94808.39423747764,0.0,,,,,,,,,,,,
25727,random,117225.69687985413,117225.69687985413,0.0,310.0,334.0,0.0,0.0,0.0,-1.6799927780579413,0.8301509454280953,-5.4331626048974995,-2.0986232102841034,-1.6026268114061593,0.0,0.0
25730,naive_chg,102703.55217711949,102703.55217711949,0.0,,,,,,,,,,,,
25730,b0,95150.2275014001,95150.2275014001,0.0,,,,,,,,,,,,
25730,random,117194.98543084098,117194.98543084098,0.0,315.0,327.0,0.0,0.0,0.0,-1.6572775705187257,0.8682746270025369,-5.282198312537129,-2.0319313732965756,-1.5808438496013348,0.0,0.0
25734,naive_chg,102604.81562441442,102604.81562441442,0.0,,,,,,,,,,,,
25734,b0,95058.98591831553,95058.98591831553,0.0,,,,,,,,,,,,
25734,random,117150.89493796178,117150.89493796178,0.0,341.0,309.0,0.0,0.0,0.0,-1.6664157139864464,0.8307551883506742,-6.2110712253953055,-2.0315036533934308,-1.6449513844134571,0.0,0.0
25738,naive_chg,103103.77126738627,103103.77126738627,0.0,,,,,,,,,,,,
25738,b0,95534.54669885765,95534.54669885765,0.0,,,,,,,,,,,,
25738,random,117949.86808554102,117949.86808554102,0.0,313.0,329.0,0.0,0.0,0.0,-1.6553672307419374,0.881281873947586,-5.854119405248058,-2.094432419170562,-1.5876151494323645,0.0,0.0
25740,naive_chg,102886.24749000002,102886.24749000002,0.0,,,,,,,,,,,,
25740,b0,95397.90869166968,95397.90869166968,0.0,,,,,,,,,,,,
25740,random,117594.68282558679,117594.68282558679,0.0,333.0,301.0,0.0,0.0,0.0,-1.668729391980829,0.8519160365264472,-5.372791247858853,-2.0944595292487405,-1.5744468493766215,0.0,0.0
25748,naive_chg,102957.46440000003,102957.46440000003,0.0,,,,,,,,,,,,
25748,b0,95482.9573655354,95482.9573655354,0.0,,,,,,,,,,,,
25748,random,119028.61422526518,119028.61422526518,0.0,341.0,292.0,0.0,0.0,0.0,-1.698248211198504,0.8454835160328655,-5.8238286760801525,-2.0834285854571535,-1.6278482049777407,0.0,0.0
25750,naive_chg,102217.99993000003,102217.99993000003,0.0,,,,,,,,,,,,
25750,b0,94758.48410636617,94758.48410636617,0.0,,,,,,,,,,,,
25750,random,118324.66749315911,118324.66749315911,0.0,323.0,308.0,0.0,0.0,0.0,-1.677513508185594,0.8578564716741316,-5.4253223928634595,-2.0952655163673373,-1.617817197130461,0.0,0.0
25758,naive_chg,102455.12768679175,102455.12768679175,0.0,,,,,,,,,,,,
25758,b0,94938.4763241891,94938.4763241891,0.0,,,,,,,,,,,,
25758,random,119608.21159604797,119608.21159604797,0.0,326.0,314.0,0.0,0.0,0.0,-1.6658968004703227,0.8920260442716784,-6.67515393374547,-2.1329221375019736,-1.6271154908032222,0.0,0.0
25770,naive_chg,102860.65048895669,102860.65048895669,0.0,,,,,,,,,,,,
25770,b0,95266.3826802107,95266.3826802107,0.0,,,,,,,,,,,,
25770,random,116924.37739407318,116924.37739407318,0.0,320.0,317.0,0.0,0.0,0.0,-1.6464720173703733,0.7891619103432341,-5.188154141374876,-2.0110540687726575,-1.632989989699252,0.0,0.0
25777,naive_chg,102057.84752017373,102057.84752017373,0.0,,,,,,,,,,,,
25777,b0,94463.57971142774,94463.57971142774,0.0,,,,,,,,,,,,
25777,random,116894.61241651847,116894.61241651847,0.0,321.0,318.0,0.0,0.0,0.0,-1.6910194341904392,0.812252409979759,-6.169506968353229,-2.0512575252676712,-1.645248444546481,0.0,0.0
25780,naive_chg,102048.4642452438,102048.4642452438,0.0,,,,,,,,,,,,
25780,b0,94517.01887115889,94517.01887115889,0.0,,,,,,,,,,,,
25780,random,118882.05084447004,118882.05084447004,0.0,324.0,317.0,0.0,0.0,0.0,-1.6778403388798067,0.8053841681856732,-6.056667494812366,-2.015127597770613,-1.6931979903594905,0.0,0.0
25788,naive_chg,102651.40843165816,102651.40843165816,0.0,,,,,,,,,,,,
25788,b0,95103.0367524434,95103.0367524434,0.0,,,,,,,,,,,,
25788,random,120537.85738075348,120537.85738075348,0.0,326.0,313.0,0.0,0.0,0.0,-1.6636072581372172,0.8849879331570513,-5.864909958523509,-2.1349249673942112,-1.6226579023052266,0.0,0.0
25802,naive_chg,102023.73158000005,102023.73158000005,0.0,,,,,,,,,,,,
25802,b0,94543.03001178382,94543.03001178382,0.0,,,,,,,,,,,,
25802,random,116183.24960682318,116183.24960682318,0.0,306.0,332.0,0.0,0.0,0.0,-1.6511593009252297,0.8369732488276249,-5.478749029036125,-2.0114887302586517,-1.6273090736810332,0.0,0.0
25805,naive_chg,101786.51970000006,101786.51970000006,0.0,,,,,,,,,,,,
25805,b0,94311.18043083556,94311.18043083556,0.0,,,,,,,,,,,,
25805,random,115936.5433914099,115936.5433914099,0.0,315.0,324.0,0.0,0.0,0.0,-1.6498897614462587,0.8740065545539151,-5.775384856841651,-2.0902210378186403,-1.5312468750520585,0.0,0.0
25807,naive_chg,101585.31637000006,101585.31637000006,0.0,,,,,,,,,,,,
25807,b0,94058.69515852538,94058.69515852538,0.0,,,,,,,,,,,,
25807,random,116586.21850373308,116586.21850373308,0.0,329.0,310.0,0.0,0.0,0.0,-1.6618738948676632,0.8641533428398839,-5.333954166524192,-2.0465482645644655,-1.6309804122082254,0.0,0.0
25810,naive_chg,101592.69590000006,101592.69590000006,0.0,,,,,,,,,,,,
25810,b0,94014.41806204473,94014.41806204473,0.0,,,,,,,,,,,,
25810,random,118359.1372741308,118359.1372741308,0.0,317.0,319.0,0.0,0.0,0.0,-1.665326019301409,0.8736371290425177,-5.535014339831941,-2.1286438256245326,-1.6178000022331684,0.0,0.0
25816,naive_chg,102383.34457487297,102383.34457487297,0.0,,,,,,,,,,,,
25816,b0,94839.9707353301,94839.9707353301,0.0,,,,,,,,,,,,
25816,random,119190.41997941684,119190.41997941684,0.0,344.0,304.0,0.0,0.0,0.0,-1.6721653157924428,0.8557412057644314,-5.332262671443613,-2.043947281573162,-1.6589881707353655,0.0,0.0
25819,naive_chg,102223.86799000009,102223.86799000009,0.0,,,,,,,,,,,,
25819,b0,94755.82932942681,94755.82932942681,0.0,,,,,,,,,,,,
25819,random,116623.34858187701,116623.34858187701,0.0,298.0,346.0,0.0,0.0,0.0,-1.657625391508052,0.8431007680003317,-5.564938591875208,-2.031421965128898,-1.6242570987322382,0.0,0.0
25823,naive_chg,102549.1007700001,102549.1007700001,0.0,,,,,,,,,,,,
25823,b0,95020.08859047032,95020.08859047032,0.0,,,,,,,,,,,,
25823,random,118396.1927872037,118396.1927872037,0.0,333.0,305.0,0.0,0.0,0.0,-1.67695284783584,0.8641400680409163,-5.502268133859134,-2.02380276380632,-1.6679675518945543,0.0,0.0
30436,naive_chg,158345.02015000005,158345.02015000005,0.0,,,,,,,,,,,,
30436,b0,131593.6562993034,131593.6562993034,0.0,,,,,,,,,,,,
30436,random,180592.60306536377,180592.60306536377,0.0,322.0,307.0,0.0,0.0,0.0,-1.7495260360829,2.9879984871774328,-18.600832883651325,-3.415457632577733,-2.0941148411829973,0.0,0.0
30441,naive_chg,158786.73285,158786.73285,0.0,,,,,,,,,,,,
30441,b0,131797.29961804664,131797.29961804664,0.0,,,,,,,,,,,,
30441,random,183514.2682377149,183514.2682377149,0.0,305.0,335.0,0.0,0.0,0.0,-1.7099162839178952,3.0459658960212868,-18.74079440309767,-3.684836243459965,-1.995870185794089,0.0,0.0
30446,naive_chg,157975.91634999998,157975.91634999998,0.0,,,,,,,,,,,,
30446,b0,131226.30702814733,131226.30702814733,0.0,,,,,,,,,,,,
30446,random,184562.4421454854,184562.4421454854,0.0,282.0,348.0,0.0,0.0,0.0,-1.7131615441928065,3.1584221847097145,-21.461626627415537,-3.9288752511204086,-1.9206287195684266,0.0,0.0
30456,naive_chg,158679.92484999998,158679.92484999998,0.0,,,,,,,,,,,,
30456,b0,131876.08323230429,131876.08323230429,0.0,,,,,,,,,,,,
30456,random,182671.1122504263,182671.1122504263,0.0,336.0,298.0,0.0,0.0,0.0,-1.74821156508049,3.0444109634157592,-18.04992334308186,-3.6128308749368125,-1.9745350118910285,0.0,0.0
30463,naive_chg,159032.80204999994,159032.80204999994,0.0,,,,,,,,,,,,
30463,b0,131755.9479375137,131755.9479375137,0.0,,,,,,,,,,,,
30463,random,180746.5121328173,180746.5121328173,0.0,302.0,338.0,0.0,0.0,0.0,-1.7085476578566847,2.9794216865325045,-19.156475120741444,-3.521528815471093,-2.109397911745541,0.0,0.0
30471,naive_chg,158632.04328010936,158632.04328010936,0.0,,,,,,,,,,,,
30471,b0,131345.82154573494,131345.82154573494,0.0,,,,,,,,,,,,
30471,random,187497.82809127102,187497.82809127102,0.0,309.0,326.0,0.0,0.0,0.0,-1.757902150086832,3.232853912698475,-18.092458167347274,-3.9668640378872175,-1.920675932023466,0.0,0.0
30484,naive_chg,159497.72495,159497.72495,0.0,,,,,,,,,,,,
30484,b0,132419.31765057766,132419.31765057766,0.0,,,,,,,,,,,,
30484,random,188528.79182119842,188528.79182119842,0.0,334.0,306.0,0.0,0.0,0.0,-1.7547643680063163,3.1657119928715085,-20.074541088277652,-3.893822262643671,-1.816934464773684,0.0,0.0
30491,naive_chg,160945.79494999998,160945.79494999998,0.0,,,,,,,,,,,,
30491,b0,134124.488193874,134124.488193874,0.0,,,,,,,,,,,,
30491,random,183066.0539592533,183066.0539592533,0.0,311.0,319.0,0.0,0.0,0.0,-1.7147815249226723,3.1325394719072714,-18.34654195445347,-3.942312802008646,-1.7497205573136863,0.0,0.0
30495,naive_chg,160097.64741693618,160097.64741693618,0.0,,,,,,,,,,,,
30495,b0,133101.25131326297,133101.25131326297,0.0,,,,,,,,,,,,
30495,random,176877.00800031528,176877.00800031528,0.0,300.0,338.0,0.0,0.0,0.0,-1.7018075917109299,2.826934062618791,-18.01249989370013,-3.4919834243451713,-2.0353033108070466,0.0,0.0
30499,naive_chg,160203.27395,160203.27395,0.0,,,,,,,,,,,,
30499,b0,133400.4789924197,133400.4789924197,0.0,,,,,,,,,,,,
30499,random,178791.21401023434,178791.21401023434,0.0,311.0,328.0,0.0,0.0,0.0,-1.6991189495033816,2.922324153165877,-20.959814450520053,-3.591089867276805,-1.9457472415874764,0.0,0.0
30500,naive_chg,160650.73785,160650.73785,0.0,,,,,,,,,,,,
30500,b0,133884.7645686487,133884.7645686487,0.0,,,,,,,,,,,,
30500,random,181687.2635129172,181687.2635129172,0.0,305.0,342.0,0.0,0.0,0.0,-1.6944990848261625,3.0729993516661676,-18.35625567902212,-3.7595716363337415,-1.9147951938867858,0.0,0.0
30520,naive_chg,160183.65824999995,160183.65824999995,0.0,,,,,,,,,,,,
30520,b0,133472.21348377317,133472.21348377317,0.0,,,,,,,,,,,,
30520,random,178103.34125204,178103.34125204,0.0,331.0,303.0,0.0,0.0,0.0,-1.7459576570643742,2.822051542407919,-19.50762481903253,-3.5014443649037528,-1.9809949926665806,0.0,0.0
30524,naive_chg,159493.41155,159493.41155,0.0,,,,,,,,,,,,
30524,b0,132531.4146507011,132531.4146507011,0.0,,,,,,,,,,,,
30524,random,183183.99250853868,183183.99250853868,0.0,319.0,322.0,0.0,0.0,0.0,-1.7124776220318876,3.0327259362306602,-19.10767163588031,-3.792678144671349,-1.864827388614984,0.0,0.0
30525,naive_chg,159644.20486075064,159644.20486075064,0.0,,,,,,,,,,,,
30525,b0,132661.47854255867,132661.47854255867,0.0,,,,,,,,,,,,
30525,random,180456.57696037955,180456.57696037955,0.0,322.0,315.0,0.0,0.0,0.0,-1.7185528419604559,2.9817080916073753,-20.75097645360964,-3.6479880908853173,-1.910832026993824,0.0,0.0
30530,naive_chg,159407.14355000004,159407.14355000004,0.0,,,,,,,,,,,,
30530,b0,132681.0229247454,132681.0229247454,0.0,,,,,,,,,,,,
30530,random,182195.63118408606,182195.63118408606,0.0,324.0,320.0,0.0,0.0,0.0,-1.6886728607341492,3.0779744926384973,-21.37553048746257,-3.7504282528326254,-1.909694602786275,0.0,0.0
30543,naive_chg,159952.89135,159952.89135,0.0,,,,,,,,,,,,
30543,b0,136512.6284534724,136512.6284534724,0.0,,,,,,,,,,,,
30543,random,184520.30424160397,184520.30424160397,0.0,321.0,316.0,0.0,0.0,0.0,-1.7022751181022826,3.0961778706744507,-20.04629722496384,-3.8170738005844953,-1.8136386533783055,0.0,0.0
30555,naive_chg,159208.77184999996,159208.77184999996,0.0,,,,,,,,,,,,
30555,b0,129195.6046158395,129195.6046158395,0.0,,,,,,,,,,,,
30555,random,177974.3819617011,177974.3819617011,0.0,317.0,326.0,0.0,0.0,0.0,-1.6815267463874002,2.789578420783504,-18.270532524072806,-3.368996567142844,-2.0762646875545268,0.0,0.0
30574,naive_chg,161050.32480000003,161050.32480000003,0.0,,,,,,,,,,,,
30574,b0,130936.67807200676,130936.67807200676,0.0,,,,,,,,,,,,
30574,random,181211.49019129368,181211.49019129368,0.0,312.0,333.0,0.0,0.0,0.0,-1.6751112509651225,3.0383371392636676,-19.65524599913606,-3.7731325135530436,-1.8507967242840935,0.0,0.0
30599,naive_chg,161147.4003699999,161147.4003699999,0.0,,,,,,,,,,,,
30599,b0,128609.05825898984,128609.05825898984,0.0,,,,,,,,,,,,
30599,random,187690.7856411215,187690.7856411215,0.0,324.0,316.0,0.0,0.0,0.0,-1.7094443930532317,2.990638739648129,-18.659863116071616,-3.8216336701634535,-1.900724492984648,0.0,0.0
30607,naive_chg,161552.11232999997,161552.11232999997,0.0,,,,,,,,,,,,
30607,b0,131213.85992690496,131213.85992690496,0.0,,,,,,,,,,,,
30607,random,176965.93619522383,176965.93619522383,0.0,318.0,325.0,0.0,0.0,0.0,-1.718147401057002,2.7806129202734553,-19.84110057144795,-3.348566284555788,-2.014348411818653,0.0,0.0
30614,naive_chg,161538.58044999992,161538.58044999992,0.0,,,,,,,,,,,,
30614,b0,131154.94981091752,131154.94981091752,0.0,,,,,,,,,,,,
30614,random,180465.48473993127,180465.48473993127,0.0,342.0,287.0,0.0,0.0,0.0,-1.7148212149579707,2.9116115761077035,-19.080472909769245,-3.4746650039454523,-1.966592535361493,0.0,0.0
